Tanggal,Actual,Predicted
2015-04-14,24.0,23.842094
2015-04-15,24.0,23.847765
2015-04-16,23.985714285714284,23.849098
2015-04-17,23.97142857142857,23.845098
2015-04-18,23.957142857142856,23.840986
2015-04-19,23.942857142857143,23.836266
2015-04-20,23.928571428571427,23.830465
2015-04-21,23.914285714285715,23.824305
2015-04-22,23.9,23.81842
2015-04-23,23.885714285714286,23.810907
2015-04-24,23.87142857142857,23.803892
2015-04-25,23.857142857142858,23.79664
2015-04-26,23.84285714285714,23.789177
2015-04-27,23.82857142857143,23.781536
2015-04-28,23.814285714285713,23.773712
2015-04-29,23.8,23.766335
2015-04-30,23.785714285714285,23.758644
2015-05-01,23.771428571428572,23.749907
2015-05-02,23.757142857142856,23.74034
2015-05-03,23.742857142857144,23.730835
2015-05-04,23.728571428571428,23.722013
2015-05-05,23.714285714285715,23.713007
2015-05-06,23.7,23.703222
2015-05-07,23.685714285714287,23.694126
2015-05-08,23.67142857142857,23.684301
2015-05-09,23.65714285714286,23.67521
2015-05-10,23.642857142857142,23.666723
2015-05-11,23.62857142857143,23.657713
2015-05-12,23.614285714285714,23.648233
2015-05-13,23.6,23.63835
2015-05-14,23.585714285714285,23.628372
2015-05-15,23.571428571428573,23.618307
2015-05-16,23.557142857142857,23.608158
2015-05-17,23.542857142857144,23.597935
2015-05-18,23.52857142857143,23.587637
2015-05-19,23.514285714285716,23.57727
2015-05-20,23.5,23.566826
2015-05-21,23.485714285714284,23.556313
2015-05-22,23.47142857142857,23.545723
2015-05-23,23.457142857142856,23.53506
2015-05-24,23.442857142857143,23.524324
2015-05-25,23.428571428571427,23.513514
2015-05-26,23.414285714285715,23.502628
2015-05-27,23.4,23.491669
2015-05-28,23.385714285714286,23.480637
2015-05-29,23.37142857142857,23.469528
2015-05-30,23.357142857142858,23.458347
2015-05-31,23.34285714285714,23.44709
2015-06-01,23.32857142857143,23.43576
2015-06-02,23.314285714285713,23.424355
2015-06-03,23.3,23.412876
2015-06-04,23.285714285714285,23.401321
2015-06-05,23.271428571428572,23.389694
2015-06-06,23.257142857142856,23.37799
2015-06-07,23.242857142857144,23.366215
2015-06-08,23.228571428571428,23.354364
2015-06-09,23.214285714285715,23.34244
2015-06-10,23.2,23.33044
2015-06-11,23.185714285714287,23.318367
2015-06-12,23.17142857142857,23.306221
2015-06-13,23.15714285714286,23.294003
2015-06-14,23.142857142857142,23.281712
2015-06-15,23.12857142857143,23.269344
2015-06-16,23.114285714285714,23.256908
2015-06-17,23.1,23.2444
2015-06-18,23.085714285714285,23.231815
2015-06-19,23.071428571428573,23.219162
2015-06-20,23.057142857142857,23.206436
2015-06-21,23.042857142857144,23.193642
2015-06-22,23.02857142857143,23.180775
2015-06-23,23.014285714285712,23.16784
2015-06-24,23.0,23.15483
2015-06-25,22.985714285714288,23.141754
2015-06-26,22.97142857142857,23.128609
2015-06-27,22.957142857142856,23.115395
2015-06-28,22.942857142857143,23.102112
2015-06-29,22.928571428571427,23.088764
2015-06-30,22.914285714285715,23.075346
2015-07-01,22.9,23.061863
2015-07-02,22.885714285714286,23.048313
2015-07-03,22.87142857142857,23.034698
2015-07-04,22.857142857142858,23.021017
2015-07-05,22.84285714285714,23.007275
2015-07-06,22.82857142857143,22.993465
2015-07-07,22.814285714285713,22.979595
2015-07-08,22.8,22.965662
2015-07-09,22.785714285714285,22.951664
2015-07-10,22.771428571428572,22.937609
2015-07-11,22.757142857142856,22.923492
2015-07-12,22.742857142857144,22.909317
2015-07-13,22.728571428571428,22.89508
2015-07-14,22.714285714285715,22.880787
2015-07-15,22.7,22.866436
2015-07-16,22.685714285714287,22.852028
2015-07-17,22.67142857142857,22.837563
2015-07-18,22.65714285714286,22.823044
2015-07-19,22.642857142857142,22.808472
2015-07-20,22.62857142857143,22.793844
2015-07-21,22.614285714285714,22.779163
2015-07-22,22.6,22.764433
2015-07-23,22.585714285714285,22.749651
2015-07-24,22.571428571428573,22.734818
2015-07-25,22.557142857142857,22.719936
2015-07-26,22.542857142857144,22.705006
2015-07-27,22.52857142857143,22.69003
2015-07-28,22.514285714285712,22.675003
2015-07-29,22.5,22.659935
2015-07-30,22.485714285714284,22.64482
2015-07-31,22.47142857142857,22.629662
2015-08-01,22.457142857142856,22.61446
2015-08-02,22.442857142857143,22.599218
2015-08-03,22.428571428571427,22.583935
2015-08-04,22.414285714285715,22.568613
2015-08-05,22.4,22.553251
2015-08-06,22.385714285714286,22.53785
2015-08-07,22.37142857142857,22.522415
2015-08-08,22.357142857142858,22.506943
2015-08-09,22.34285714285714,22.491436
2015-08-10,22.32857142857143,22.475897
2015-08-11,22.314285714285713,22.460323
2015-08-12,22.3,22.44472
2015-08-13,22.285714285714285,22.429085
2015-08-14,22.271428571428572,22.41342
2015-08-15,22.257142857142856,22.397728
2015-08-16,22.242857142857144,22.382008
2015-08-17,22.228571428571428,22.366262
2015-08-18,22.214285714285715,22.35049
2015-08-19,22.2,22.334698
2015-08-20,22.185714285714287,22.31888
2015-08-21,22.17142857142857,22.303041
2015-08-22,22.15714285714286,22.287182
2015-08-23,22.142857142857142,22.271305
2015-08-24,22.12857142857143,22.255407
2015-08-25,22.114285714285714,22.239492
2015-08-26,22.1,22.22356
2015-08-27,22.085714285714285,22.207617
2015-08-28,22.071428571428573,22.191658
2015-08-29,22.057142857142857,22.175688
2015-08-30,22.042857142857144,22.159704
2015-08-31,22.02857142857143,22.143711
2015-09-01,22.014285714285712,22.12771
2015-09-02,22.0,22.1117
2015-09-03,21.0,22.095682
2015-09-04,22.0,21.49486
2015-09-05,22.0,21.981544
2015-09-06,22.0,22.01493
2015-09-07,21.0,22.026545
2015-09-08,21.0,21.434242
2015-09-09,20.0,21.331953
2015-09-10,20.0,20.68739
2015-09-11,21.0,20.560099
2015-09-12,22.0,21.056164
2015-09-13,22.0,21.671745
2015-09-14,22.0,21.749445
2015-09-15,20.0,21.786856
2015-09-16,21.0,20.64755
2015-09-17,22.0,21.057533
2015-09-18,22.0,21.662443
2015-09-19,21.0,21.74598
2015-09-20,21.0,21.199497
2015-09-21,23.0,21.132954
2015-09-22,21.0,22.26971
2015-09-23,21.0,21.275692
2015-09-24,21.0,21.181751
2015-09-25,21.0,21.138021
2015-09-26,21.0,21.116146
2015-09-27,22.0,21.098064
2015-09-28,21.0,21.668276
2015-09-29,24.0,21.159176
2015-09-30,22.0,22.810417
2015-10-01,22.0,21.951368
2015-10-02,20.0,21.92957
2015-10-03,24.0,20.747477
2015-10-04,23.0,22.861357
2015-10-05,22.0,22.583546
2015-10-06,23.0,22.105896
2015-10-07,24.0,22.614574
2015-10-08,22.0,23.18671
2015-10-09,23.0,22.312714
2015-10-10,22.0,22.775211
2015-10-11,22.0,22.284496
2015-10-12,22.0,22.233889
2015-10-13,23.0,22.200027
2015-10-14,23.0,22.738848
2015-10-15,22.0,22.810844
2015-10-16,23.0,22.321152
2015-10-17,23.0,22.802734
2015-10-18,22.0,22.855701
2015-10-19,22.0,22.363693
2015-10-20,22.0,22.29166
2015-10-21,23.0,22.250595
2015-10-22,23.0,22.77998
2015-10-23,22.0,22.847523
2015-10-24,20.0,22.355078
2015-10-25,22.0,21.096367
2015-10-26,22.0,22.035599
2015-10-27,22.0,22.097286
2015-10-28,22.0,22.109306
2015-10-29,22.0,22.102106
2015-10-30,24.0,22.091028
2015-10-31,24.0,23.157242
2015-11-01,24.0,23.28849
2015-11-02,23.0,23.38586
2015-11-03,23.0,23.003147
2015-11-04,24.0,22.986977
2015-11-05,24.0,23.447872
2015-11-06,23.0,23.524397
2015-11-07,25.0,23.151718
2015-11-08,24.0,23.935299
2015-11-09,24.0,23.670036
2015-11-10,24.0,23.69718
2015-11-11,25.0,23.711174
2015-11-12,26.0,24.071983
2015-11-13,25.0,24.3928
2015-11-14,25.0,24.198849
2015-11-15,24.0,24.215565
2015-11-16,25.0,23.92501
2015-11-17,25.0,24.209265
2015-11-18,26.0,24.232677
2015-11-19,24.0,24.500795
2015-11-20,25.0,24.011116
2015-11-21,25.0,24.265083
2015-11-22,25.0,24.27269
2015-11-23,25.0,24.28723
2015-11-24,25.0,24.294022
2015-11-25,25.0,24.298904
2015-11-26,25.0,24.302986
2015-11-27,26.0,24.306503
2015-11-28,25.0,24.546873
2015-11-29,25.0,24.3383
2015-11-30,25.0,24.33086
2015-12-01,25.0,24.323332
2015-12-02,24.0,24.322966
2015-12-03,25.0,24.038986
2015-12-04,24.0,24.296791
2015-12-05,25.0,24.01761
2015-12-06,25.0,24.289072
2015-12-07,25.0,24.300428
2015-12-08,26.0,24.310759
2015-12-09,26.0,24.550179
2015-12-10,25.0,24.568268
2015-12-11,25.0,24.357632
2015-12-12,25.0,24.340738
2015-12-13,24.0,24.330933
2015-12-14,24.0,24.046097
2015-12-15,25.0,24.00576
2015-12-16,24.0,24.282991
2015-12-17,25.0,24.01107
2015-12-18,25.0,24.284986
2015-12-19,25.0,24.295918
2015-12-20,24.0,24.306925
2015-12-21,24.0,24.021872
2015-12-22,25.0,23.983772
2015-12-23,24.0,24.265585
2015-12-24,24.0,23.992943
2015-12-25,24.0,23.967928
2015-12-26,24.0,23.947702
2015-12-27,23.0,23.938145
2015-12-28,24.0,23.558397
2015-12-29,24.0,23.87669
2015-12-30,23.0,23.88725
2015-12-31,24.0,23.515335
2016-01-01,23.0,23.843197
2016-01-02,25.0,23.469965
2016-01-03,24.0,24.155088
2016-01-04,24.0,23.882746
2016-01-05,24.0,23.877806
2016-01-06,24.0,23.865383
2016-01-07,24.0,23.862698
2016-01-08,25.0,23.860502
2016-01-09,24.0,24.180391
2016-01-10,25.0,23.905632
2016-01-11,24.0,24.203823
2016-01-12,24.0,23.921564
2016-01-13,24.0,23.902298
2016-01-14,24.0,23.887754
2016-01-15,25.0,23.883266
2016-01-16,25.0,24.198597
2016-01-17,25.0,24.228699
2016-01-18,24.0,24.249268
2016-01-19,25.0,23.962933
2016-01-20,23.0,24.237864
2016-01-21,24.0,23.599371
2016-01-22,25.0,23.887323
2016-01-23,24.0,24.204988
2016-01-24,24.0,23.939274
2016-01-25,23.666666666666668,23.92015
2016-01-26,23.333333333333332,23.786217
2016-01-27,23.0,23.635899
2016-01-28,24.0,23.461246
2016-01-29,24.0,23.815926
2016-01-30,25.0,23.84054
2016-01-31,25.0,24.177393
2016-02-01,24.0,24.211086
2016-02-02,25.0,23.931385
2016-02-03,25.0,24.214975
2016-02-04,24.0,24.23547
2016-02-05,25.0,23.957458
2016-02-06,25.0,24.234558
2016-02-07,25.0,24.252426
2016-02-08,24.0,24.269178
2016-02-09,25.0,23.983889
2016-02-10,25.0,24.253437
2016-02-11,24.0,24.26863
2016-02-12,25.0,23.990868
2016-02-13,24.5,24.260092
2016-02-14,24.0,24.133717
2016-02-15,24.0,23.97535
2016-02-16,24.0,23.947645
2016-02-17,24.0,23.932865
2016-02-18,25.0,23.92534
2016-02-19,23.0,24.230846
2016-02-20,24.0,23.599125
2016-02-21,24.0,23.89053
2016-02-22,25.0,23.889496
2016-02-23,24.0,24.21262
2016-02-24,24.0,23.9387
2016-02-25,23.0,23.919195
2016-02-26,24.0,23.528395
2016-02-27,24.0,23.850992
2016-02-28,24.0,23.86415
2016-02-29,24.0,23.874073
2016-03-01,24.0,23.872473
2016-03-02,24.0,23.870275
2016-03-03,24.0,23.868801
2016-03-04,25.0,23.86693
2016-03-05,25.0,24.18591
2016-03-06,25.0,24.218126
2016-03-07,25.0,24.240139
2016-03-08,24.0,24.25169
2016-03-09,24.0,23.965296
2016-03-10,24.0,23.93195
2016-03-11,25.0,23.9133
2016-03-12,25.0,24.219942
2016-03-13,24.0,24.247656
2016-03-14,24.0,23.96928
2016-03-15,24.0,23.93639
2016-03-16,24.0,23.917969
2016-03-17,25.0,23.911133
2016-03-18,22.0,24.220066
2016-03-19,24.0,23.160713
2016-03-20,24.0,23.830458
2016-03-21,24.0,23.84876
2016-03-22,25.0,23.8698
2016-03-23,24.0,24.190432
2016-03-24,25.0,23.914528
2016-03-25,25.0,24.211147
2016-03-26,24.0,24.232346
2016-03-27,25.0,23.954538
2016-03-28,25.0,24.232405
2016-03-29,25.0,24.250614
2016-03-30,25.0,24.268063
2016-03-31,25.0,24.276241
2016-04-01,25.0,24.28275
2016-04-02,24.0,24.288263
2016-04-03,24.0,24.002943
2016-04-04,24.0,23.965675
2016-04-05,24.0,23.944147
2016-04-06,24.0,23.934555
2016-04-07,24.0,23.92693
2016-04-08,25.0,23.920563
2016-04-09,25.0,24.227612
2016-04-10,25.0,24.253876
2016-04-11,24.0,24.27071
2016-04-12,25.0,23.984612
2016-04-13,26.0,24.254612
2016-04-14,24.0,24.51425
2016-04-15,24.0,24.030931
2016-04-16,25.0,23.981575
2016-04-17,24.0,24.255337
2016-04-18,24.0,23.983088
2016-04-19,25.0,23.958809
2016-04-20,24.0,24.247566
2016-04-21,24.0,23.974314
2016-04-22,24.0,23.950535
2016-04-23,24.0,23.931866
2016-04-24,23.0,23.923466
2016-04-25,24.0,23.542942
2016-04-26,24.0,23.864197
2016-04-27,24.0,23.875626
2016-04-28,24.0,23.883808
2016-04-29,24.0,23.881308
2016-04-30,24.0,23.878283
2016-05-01,25.0,23.875523
2016-05-02,25.0,24.192577
2016-05-03,25.0,24.223913
2016-05-04,25.0,24.24564
2016-05-05,25.0,24.256899
2016-05-06,24.0,24.26611
2016-05-07,25.0,23.980537
2016-05-08,25.0,24.250969
2016-05-09,25.0,24.266157
2016-05-10,25.0,24.28094
2016-05-11,25.0,24.286863
2016-05-12,25.0,24.291769
2016-05-13,25.0,24.295568
2016-05-14,25.0,24.298729
2016-05-15,25.0,24.302109
2016-05-16,25.0,24.305017
2016-05-17,25.0,24.30729
2016-05-18,24.0,24.309551
2016-05-19,24.0,24.024757
2016-05-20,24.0,23.986061
2016-05-21,24.0,23.963694
2016-05-22,24.0,23.953337
2016-05-23,25.0,23.944975
2016-05-24,24.0,24.24673
2016-05-25,24.0,23.974058
2016-05-26,24.0,23.951157
2016-05-27,25.0,23.93269
2016-05-28,25.0,24.235847
2016-05-29,25.0,24.26118
2016-05-30,24.0,24.277508
2016-05-31,24.0,23.991924
2016-06-01,25.0,23.955914
2016-06-02,23.0,24.24361
2016-06-03,23.0,23.614214
2016-06-04,23.0,23.518051
2016-06-05,23.0,23.455853
2016-06-06,24.0,23.42328
2016-06-07,24.0,23.802279
2016-06-08,25.0,23.830376
2016-06-09,24.0,24.169199
2016-06-10,23.0,23.89206
2016-06-11,24.0,23.49633
2016-06-12,24.0,23.813122
2016-06-13,24.0,23.82831
2016-06-14,24.0,23.841064
2016-06-15,24.0,23.842903
2016-06-16,24.0,23.8438
2016-06-17,24.0,23.844616
2016-06-18,24.0,23.84612
2016-06-19,25.0,23.8475
2016-06-20,24.0,24.171835
2016-06-21,23.0,23.897764
2016-06-22,22.0,23.503967
2016-06-23,23.0,22.955006
2016-06-24,23.0,23.301432
2016-06-25,23.0,23.300428
2016-06-26,22.0,23.293543
2016-06-27,23.0,22.780483
2016-06-28,24.0,23.175467
2016-06-29,24.0,23.624115
2016-06-30,23.0,23.681797
2016-07-01,24.0,23.301567
2016-07-02,23.0,23.672758
2016-07-03,23.0,23.29424
2016-07-04,24.0,23.254902
2016-07-05,22.0,23.65562
2016-07-06,23.0,22.808216
2016-07-07,22.0,23.171135
2016-07-08,23.0,22.66119
2016-07-09,23.0,23.088951
2016-07-10,24.0,23.106558
2016-07-11,24.0,23.564571
2016-07-12,24.0,23.619831
2016-07-13,24.0,23.658499
2016-07-14,24.0,23.68292
2016-07-15,23.0,23.70437
2016-07-16,24.0,23.317526
2016-07-17,25.0,23.684437
2016-07-18,25.0,24.06181
2016-07-19,24.0,24.12206
2016-07-20,24.0,23.845287
2016-07-21,24.0,23.82742
2016-07-22,24.0,23.821941
2016-07-23,23.0,23.82718
2016-07-24,22.0,23.443913
2016-07-25,22.0,22.906885
2016-07-26,23.0,22.763529
2016-07-27,22.0,23.190216
2016-07-28,23.0,22.709394
2016-07-29,22.0,23.135933
2016-07-30,21.0,22.637697
2016-07-31,22.0,21.97099
2016-08-01,21.0,22.375467
2016-08-02,21.0,21.772846
2016-08-03,22.0,21.63955
2016-08-04,22.0,22.14221
2016-08-05,24.0,22.168211
2016-08-06,23.0,23.229767
2016-08-07,24.0,22.87522
2016-08-08,24.0,23.364704
2016-08-09,24.0,23.437828
2016-08-10,22.0,23.501978
2016-08-11,21.0,22.621464
2016-08-12,23.0,21.90305
2016-08-13,24.0,22.846447
2016-08-14,23.0,23.399467
2016-08-15,22.0,23.047945
2016-08-16,22.0,22.518993
2016-08-17,23.0,22.407528
2016-08-18,22.0,22.890228
2016-08-19,22.0,22.409378
2016-08-20,21.0,22.342014
2016-08-21,21.0,21.70276
2016-08-22,21.0,21.560259
2016-08-23,20.0,21.469898
2016-08-24,22.0,20.80813
2016-08-25,22.0,21.84661
2016-08-26,22.0,21.938131
2016-08-27,22.0,21.961737
2016-08-28,24.0,21.96823
2016-08-29,24.0,23.060564
2016-08-30,24.0,23.206526
2016-08-31,24.0,23.31385
2016-09-01,25.0,23.392324
2016-09-02,24.0,23.839676
2016-09-03,23.0,23.579819
2016-09-04,23.0,23.1926
2016-09-05,23.0,23.14247
2016-09-06,24.0,23.125618
2016-09-07,24.0,23.566044
2016-09-08,24.0,23.625748
2016-09-09,24.0,23.667473
2016-09-10,24.0,23.694408
2016-09-11,23.0,23.717768
2016-09-12,21.0,23.333261
2016-09-13,23.0,22.249897
2016-09-14,23.0,23.087345
2016-09-15,24.0,23.128847
2016-09-16,24.0,23.596455
2016-09-17,24.0,23.650143
2016-09-18,25.0,23.687202
2016-09-19,25.0,24.055143
2016-09-20,25.0,24.1102
2016-09-21,25.0,24.152916
2016-09-22,25.0,24.181484
2016-09-23,25.0,24.20551
2016-09-24,24.0,24.224663
2016-09-25,24.0,23.941284
2016-09-26,25.0,23.911943
2016-09-27,24.0,24.211208
2016-09-28,24.0,23.938236
2016-09-29,24.0,23.918324
2016-09-30,24.0,23.902502
2016-10-01,24.0,23.897226
2016-10-02,24.0,23.892979
2016-10-03,24.0,23.889877
2016-10-04,24.0,23.887568
2016-10-05,24.0,23.885445
2016-10-06,24.0,23.883522
2016-10-07,25.0,23.881271
2016-10-08,25.0,24.197702
2016-10-09,25.0,24.228556
2016-10-10,25.0,24.249859
2016-10-11,23.0,24.260826
2016-10-12,25.0,23.622742
2016-10-13,24.0,24.217627
2016-10-14,24.0,23.94154
2016-10-15,25.0,23.930922
2016-10-16,25.0,24.22672
2016-10-17,23.0,24.252666
2016-10-18,22.0,23.62015
2016-10-19,24.0,23.061222
2016-10-20,25.0,23.793829
2016-10-21,25.0,24.165306
2016-10-22,25.0,24.215412
2016-10-23,25.0,24.23767
2016-10-24,23.0,24.248705
2016-10-25,24.0,23.606499
2016-10-26,23.0,23.882282
2016-10-27,25.0,23.500555
2016-10-28,24.0,24.173294
2016-10-29,24.0,23.902744
2016-10-30,24.0,23.896767
2016-10-31,24.0,23.883339
2016-11-01,24.0,23.879774
2016-11-02,25.0,23.877434
2016-11-03,25.0,24.194517
2016-11-04,25.0,24.225634
2016-11-05,26.0,24.247095
2016-11-06,25.0,24.50371
2016-11-07,25.0,24.295305
2016-11-08,26.0,24.29342
2016-11-09,26.0,24.530277
2016-11-10,25.0,24.551842
2016-11-11,23.0,24.342644
2016-11-12,23.0,23.706528
2016-11-13,24.0,23.580067
2016-11-14,25.0,23.899176
2016-11-15,25.0,24.232622
2016-11-16,24.0,24.266537
2016-11-17,24.0,23.988722
2016-11-18,25.0,23.95524
2016-11-19,24.0,24.243748
2016-11-20,25.0,23.97006
2016-11-21,24.0,24.253033
2016-11-22,25.0,23.971947
2016-11-23,26.0,24.253534
2016-11-24,23.0,24.514343
2016-11-25,24.0,23.692661
2016-11-26,25.0,23.937963
2016-11-27,24.0,24.234316
2016-11-28,25.0,23.968792
2016-11-29,25.0,24.253275
2016-11-30,25.0,24.268633
2016-12-01,25.0,24.283146
2016-12-02,24.0,24.28888
2016-12-03,24.0,24.002953
2016-12-04,24.0,23.965826
2016-12-05,24.0,23.944345
2016-12-06,24.0,23.934374
2016-12-07,24.0,23.926725
2016-12-08,25.0,23.919762
2016-12-09,25.0,24.226051
2016-12-10,25.0,24.25179
2016-12-11,25.0,24.269033
2016-12-12,24.5,24.277239
2016-12-13,24.0,24.144709
2016-12-14,24.0,23.977709
2016-12-15,25.0,23.948936
2016-12-16,25.0,24.242802
2016-12-17,24.0,24.26719
2016-12-18,25.0,23.989616
2016-12-19,25.0,24.259096
2016-12-20,25.0,24.273317
2016-12-21,24.0,24.286985
2016-12-22,25.0,24.001865
2016-12-23,25.0,24.267351
2016-12-24,25.0,24.28004
2016-12-25,24.0,24.293606
2016-12-26,23.0,24.00867
2016-12-27,24.0,23.610107
2016-12-28,23.0,23.904749
2016-12-29,24.0,23.535667
2016-12-30,23.0,23.870827
2016-12-31,24.0,23.499634
2017-01-01,24.0,23.842382
2017-01-02,23.0,23.856775
2017-01-03,24.0,23.483135
2017-01-04,24.0,23.817566
2017-01-05,24.0,23.833721
2017-01-06,24.0,23.846514
2017-01-07,24.0,23.848255
2017-01-08,24.0,23.848442
2017-01-09,24.0,23.848595
2017-01-10,21.0,23.848858
2017-01-11,24.0,22.499393
2017-01-12,24.0,23.691545
2017-01-13,23.0,23.746712
2017-01-14,23.0,23.3884
2017-01-15,24.0,23.327753
2017-01-16,24.0,23.710138
2017-01-17,23.0,23.747265
2017-01-18,25.0,23.3684
2017-01-19,24.5,24.075928
2017-01-20,24.0,23.972897
2017-01-21,24.0,23.83346
2017-01-22,24.0,23.82087
2017-01-23,25.0,23.818802
2017-01-24,24.0,24.149174
2017-01-25,24.0,23.876114
2017-01-26,24.0,23.86398
2017-01-27,24.0,23.853903
2017-01-28,23.0,23.854443
2017-01-29,24.0,23.470722
2017-01-30,24.0,23.80587
2017-01-31,24.0,23.82356
2017-02-01,24.0,23.837833
2017-02-02,24.0,23.841457
2017-02-03,24.0,23.843332
2017-02-04,24.0,23.845003
2017-02-05,23.0,23.846647
2017-02-06,24.0,23.46248
2017-02-07,24.0,23.79893
2017-02-08,24.0,23.817593
2017-02-09,24.0,23.832617
2017-02-10,23.0,23.838257
2017-02-11,24.0,23.453255
2017-02-12,23.0,23.791473
2017-02-13,24.0,23.416862
2017-02-14,23.0,23.775911
2017-02-15,23.0,23.39958
2017-02-16,24.0,23.350143
2017-02-17,22.0,23.730885
2017-02-18,22.0,22.892038
2017-02-19,23.0,22.738134
2017-02-20,24.0,23.152645
2017-02-21,24.0,23.618841
2017-02-22,24.0,23.677277
2017-02-23,24.0,23.707447
2017-02-24,24.0,23.724693
2017-02-25,24.0,23.73994
2017-02-26,23.0,23.753933
2017-02-27,23.0,23.367485
2017-02-28,24.0,23.308613
2017-03-01,24.0,23.69559
2017-03-02,24.0,23.736021
2017-03-03,23.0,23.761152
2017-03-04,24.0,23.374008
2017-03-05,23.0,23.7287
2017-03-06,23.0,23.351126
2017-03-07,24.0,23.305601
2017-03-08,24.0,23.69559
2017-03-09,24.0,23.735746
2017-03-10,25.0,23.760752
2017-03-11,24.0,24.108162
2017-03-12,23.0,23.834036
2017-03-13,24.0,23.439508
2017-03-14,24.0,23.768715
2017-03-15,23.0,23.790817
2017-03-16,23.0,23.41587
2017-03-17,24.0,23.354263
2017-03-18,25.0,23.733242
2017-03-19,24.0,24.107979
2017-03-20,23.0,23.842556
2017-03-21,23.0,23.448679
2017-03-22,24.0,23.370396
2017-03-23,24.0,23.74311
2017-03-24,24.0,23.777887
2017-03-25,24.0,23.798052
2017-03-26,24.0,23.805466
2017-03-27,24.0,23.81137
2017-03-28,24.0,23.816727
2017-03-29,23.0,23.822292
2017-03-30,24.0,23.438028
2017-03-31,24.0,23.779179
2017-04-01,24.0,23.799768
2017-04-02,23.0,23.816774
2017-04-03,23.0,23.432316
2017-04-04,23.0,23.367237
2017-04-05,23.0,23.327492
2017-04-06,24.0,23.304379
2017-04-07,24.0,23.706978
2017-04-08,24.0,23.745796
2017-04-09,24.0,23.768936
2017-04-10,24.0,23.778587
2017-04-11,24.0,23.787561
2017-04-12,23.0,23.796448
2017-04-13,24.0,23.410664
2017-04-14,23.0,23.757524
2017-04-15,23.0,23.382061
2017-04-16,24.0,23.334816
2017-04-17,24.0,23.717806
2017-04-18,24.0,23.75446
2017-04-19,24.0,23.777082
2017-04-20,25.0,23.787579
2017-04-21,24.0,24.127651
2017-04-22,25.0,23.853529
2017-04-23,24.0,24.165546
2017-04-24,24.0,23.884274
2017-04-25,24.0,23.869505
2017-04-26,23.0,23.858753
2017-04-27,24.0,23.474796
2017-04-28,24.0,23.80811
2017-04-29,23.0,23.826323
2017-04-30,24.0,23.451937
2017-05-01,24.0,23.792112
2017-05-02,24.0,23.811132
2017-05-03,24.0,23.827347
2017-05-04,24.0,23.83217
2017-05-05,24.0,23.835785
2017-05-06,24.0,23.838943
2017-05-07,24.0,23.841175
2017-05-08,23.0,23.84323
2017-05-09,24.0,23.458849
2017-05-10,23.0,23.795853
2017-05-11,22.0,23.420784
2017-05-12,22.0,22.894993
2017-05-13,24.0,22.7546
2017-05-14,23.0,23.631632
2017-05-15,24.0,23.281813
2017-05-16,23.0,23.685661
2017-05-17,23.0,23.303272
2017-05-18,21.0,23.26112
2017-05-19,22.0,22.182198
2017-05-20,23.0,22.51627
2017-05-21,24.0,23.011526
2017-05-22,23.0,23.520184
2017-05-23,22.0,23.152996
2017-05-24,22.0,22.619898
2017-05-25,22.0,22.498487
2017-05-26,23.0,22.428568
2017-05-27,25.0,22.926653
2017-05-28,24.0,23.84348
2017-05-29,25.0,23.582897
2017-05-30,25.0,23.977247
2017-05-31,24.0,24.034883
2017-06-01,24.0,23.76054
2017-06-02,24.0,23.754011
2017-06-03,23.0,23.757824
2017-06-04,23.0,23.372858
2017-06-05,23.0,23.313047
2017-06-06,23.0,23.277414
2017-06-07,24.0,23.258066
2017-06-08,24.0,23.67139
2017-06-09,24.0,23.715412
2017-06-10,24.0,23.743986
2017-06-11,22.0,23.759514
2017-06-12,23.0,22.90998
2017-06-13,25.0,23.23831
2017-06-14,24.0,24.026924
2017-06-15,23.0,23.77113
2017-06-16,23.0,23.386162
2017-06-17,22.0,23.314585
2017-06-18,21.0,22.791553
2017-06-19,21.0,22.10707
2017-06-20,22.0,21.902592
2017-06-21,23.0,22.368145
2017-06-22,24.0,22.923717
2017-06-23,23.0,23.453363
2017-06-24,23.0,23.085817
2017-06-25,23.0,23.068993
2017-06-26,23.0,23.057154
2017-06-27,23.0,23.056768
2017-06-28,23.0,23.059109
2017-06-29,22.0,23.060408
2017-06-30,20.0,22.54605
2017-07-01,20.0,21.267015
2017-07-02,22.0,20.969393
2017-07-03,21.0,22.015123
2017-07-04,22.0,21.498106
2017-07-05,22.0,22.007038
2017-07-06,22.0,22.033768
2017-07-07,22.0,22.038195
2017-07-08,23.0,22.033037
2017-07-09,24.0,22.594017
2017-07-10,24.0,23.176071
2017-07-11,24.0,23.292881
2017-07-12,23.0,23.38122
2017-07-13,23.0,23.002003
2017-07-14,24.0,22.985165
2017-07-15,23.0,23.445562
2017-07-16,22.0,23.084002
2017-07-17,19.0,22.560478
2017-07-18,20.0,20.679358
2017-07-19,20.0,20.860039
2017-07-20,21.0,20.761625
2017-07-21,22.0,21.257824
2017-07-22,22.0,21.85896
2017-07-23,21.0,21.913147
2017-07-24,20.0,21.336235
2017-07-25,21.0,20.662737
2017-07-26,21.0,21.10196
2017-07-27,21.0,21.120197
2017-07-28,23.0,21.104805
2017-07-29,23.0,22.251888
2017-07-30,23.0,22.408133
2017-07-31,22.0,22.505941
2017-08-01,21.0,22.028137
2017-08-02,22.0,21.408213
2017-08-03,23.0,21.893421
2017-08-04,22.0,22.508156
2017-08-05,23.0,22.059803
2017-08-06,21.0,22.597937
2017-08-07,22.0,21.540348
2017-08-08,22.0,21.990486
2017-08-09,22.0,22.010725
2017-08-10,23.0,22.022526
2017-08-11,23.0,22.588945
2017-08-12,22.0,22.677158
2017-08-13,22.0,22.192917
2017-08-14,23.0,22.140501
2017-08-15,21.0,22.675913
2017-08-16,22.0,21.625217
2017-08-17,20.0,22.068577
2017-08-18,22.0,20.890667
2017-08-19,23.0,21.885141
2017-08-20,23.0,22.538626
2017-08-21,22.0,22.644436
2017-08-22,22.0,22.15886
2017-08-23,21.0,22.110945
2017-08-24,22.0,21.500235
2017-08-25,22.0,21.986307
2017-08-26,21.0,22.021214
2017-08-27,22.0,21.440407
2017-08-28,21.0,21.934439
2017-08-29,22.0,21.378056
2017-08-30,21.0,21.889389
2017-08-31,20.0,21.340385
2017-09-01,21.0,20.677135
2017-09-02,21.0,21.117231
2017-09-03,22.0,21.132877
2017-09-04,23.0,21.705147
2017-09-05,23.0,22.349985
2017-09-06,22.0,22.470327
2017-09-07,23.0,21.998863
2017-09-08,22.0,22.5345
2017-09-09,23.0,22.069624
2017-09-10,23.0,22.604424
2017-09-11,22.0,22.683683
2017-09-12,22.0,22.202747
2017-09-13,22.0,22.150827
2017-09-14,23.0,22.125895
2017-09-15,23.0,22.677242
2017-09-16,21.0,22.756771
2017-09-17,22.0,21.689436
2017-09-18,23.0,22.106264
2017-09-19,21.0,22.673998
2017-09-20,21.0,21.627762
2017-09-21,20.0,21.473064
2017-09-22,21.0,20.788265
2017-09-23,23.0,21.226543
2017-09-24,24.0,22.407139
2017-09-25,25.0,23.065527
2017-09-26,25.0,23.623838
2017-09-27,24.0,23.754198
2017-09-28,24.0,23.492865
2017-09-29,24.0,23.52943
2017-09-30,24.0,23.569702
2017-10-01,24.0,23.613781
2017-10-02,25.0,23.651031
2017-10-03,24.0,24.029877
2017-10-04,25.0,23.763062
2017-10-05,25.0,24.100885
2017-10-06,25.0,24.142181
2017-10-07,24.0,24.179518
2017-10-08,23.0,23.897095
2017-10-09,24.0,23.49587
2017-10-10,23.0,23.812796
2017-10-11,25.0,23.440458
2017-10-12,25.0,24.135914
2017-10-13,25.0,24.182022
2017-10-14,25.0,24.219112
2017-10-15,26.0,24.23549
2017-10-16,26.0,24.495712
2017-10-17,25.0,24.525038
2017-10-18,25.0,24.317724
2017-10-19,25.0,24.3074
2017-10-20,25.0,24.30358
2017-10-21,23.0,24.306671
2017-10-22,22.0,23.678978
2017-10-23,24.0,23.12772
2017-10-24,25.0,23.844547
2017-10-25,25.0,24.205378
2017-10-26,23.0,24.250229
2017-10-27,25.0,23.613838
2017-10-28,25.0,24.214031
2017-10-29,24.0,24.239151
2017-10-30,23.0,23.968525
2017-10-31,23.0,23.568914
2017-11-01,24.0,23.482002
2017-11-02,25.0,23.832897
2017-11-03,25.0,24.1832
2017-11-04,25.0,24.2232
2017-11-05,25.0,24.24446
2017-11-06,22.0,24.255014
2017-11-07,26.0,23.196737
2017-11-08,25.0,24.459658
2017-11-09,24.0,24.247051
2017-11-10,25.0,23.979834
2017-11-11,25.0,24.24439
2017-11-12,24.0,24.259117
2017-11-13,25.0,23.980055
2017-11-14,24.0,24.251154
2017-11-15,24.0,23.9693
2017-11-16,23.0,23.944283
2017-11-17,23.0,23.554337
2017-11-18,25.0,23.480032
2017-11-19,24.0,24.168957
2017-11-20,24.0,23.905823
2017-11-21,24.0,23.901052
2017-11-22,24.0,23.88845
2017-11-23,24.0,23.88426
2017-11-24,24.0,23.880884
2017-11-25,24.0,23.878216
2017-11-26,24.0,23.876942
2017-11-27,25.0,23.874573
2017-11-28,24.0,24.19197
2017-11-29,25.0,23.918045
2017-11-30,26.0,24.214382
2017-12-01,26.0,24.48592
2017-12-02,25.0,24.521008
2017-12-03,25.0,24.312048
2017-12-04,24.0,24.301273
2017-12-05,24.0,24.008162
2017-12-06,24.0,23.969233
2017-12-07,25.0,23.948387
2017-12-08,24.0,24.246557
2017-12-09,24.0,23.973434
2017-12-10,23.0,23.950241
2017-12-11,24.0,23.560555
2017-12-12,24.0,23.876247
2017-12-13,25.0,23.887243
2017-12-14,25.0,24.211836
2017-12-15,25.0,24.240555
2017-12-16,24.0,24.259613
2017-12-17,25.0,23.974033
2017-12-18,23.0,24.24683
2017-12-19,24.0,23.609655
2017-12-20,24.0,23.896484
2017-12-21,24.0,23.895468
2017-12-22,24.0,23.90154
2017-12-23,24.0,23.898066
2017-12-24,24.0,23.894209
2017-12-25,25.0,23.890562
2017-12-26,24.0,24.20448
2017-12-27,24.0,23.930283
2017-12-28,24.0,23.910568
2017-12-29,25.0,23.895308
2017-12-30,25.0,24.206238
2017-12-31,24.0,24.234629
2018-01-01,24.0,23.9555
2018-01-02,24.0,23.923647
2018-01-03,23.0,23.905922
2018-01-04,25.0,23.524038
2018-01-05,25.0,24.179167
2018-01-06,24.0,24.217468
2018-01-07,24.0,23.946491
2018-01-08,24.0,23.916782
2018-01-09,23.0,23.900167
2018-01-10,24.0,23.518366
2018-01-11,25.0,23.843355
2018-01-12,25.0,24.180992
2018-01-13,24.0,24.221075
2018-01-14,24.0,23.941856
2018-01-15,24.0,23.911331
2018-01-16,25.0,23.895203
2018-01-17,24.0,24.206232
2018-01-18,24.0,23.933475
2018-01-19,23.0,23.914188
2018-01-20,24.0,23.52271
2018-01-21,25.0,23.845482
2018-01-22,24.0,24.182468
2018-01-23,24.0,23.916243
2018-01-24,24.0,23.899319
2018-01-25,24.0,23.884556
2018-01-26,24.0,23.880867
2018-01-27,24.0,23.878492
2018-01-28,24.0,23.876492
2018-01-29,24.0,23.874063
2018-01-30,25.0,23.871946
2018-01-31,24.0,24.19039
2018-02-01,24.0,23.916353
2018-02-02,25.0,23.89872
2018-02-03,24.0,24.201847
2018-02-04,23.0,23.927319
2018-02-05,24.0,23.534437
2018-02-06,24.0,23.844547
2018-02-07,24.0,23.857563
2018-02-08,22.0,23.868103
2018-02-09,22.0,23.037067
2018-02-10,24.0,22.858944
2018-02-11,23.0,23.691206
2018-02-12,23.0,23.342289
2018-02-13,24.0,23.313267
2018-02-14,24.0,23.702595
2018-02-15,24.0,23.740267
2018-02-16,24.0,23.762875
2018-02-17,23.0,23.774035
2018-02-18,23.0,23.38681
2018-02-19,23.0,23.325998
2018-02-20,23.0,23.288399
2018-02-21,24.0,23.266369
2018-02-22,24.0,23.676647
2018-02-23,24.0,23.719074
2018-02-24,24.0,23.745567
2018-02-25,23.0,23.758787
2018-02-26,23.0,23.37114
2018-02-27,23.0,23.310585
2018-02-28,22.0,23.274273
2018-03-01,23.0,22.761406
2018-03-02,24.0,23.15797
2018-03-03,23.0,23.611238
2018-03-04,24.0,23.249708
2018-03-05,24.0,23.645693
2018-03-06,24.0,23.681267
2018-03-07,24.0,23.713036
2018-03-08,24.0,23.731031
2018-03-09,24.0,23.746738
2018-03-10,23.0,23.760658
2018-03-11,24.0,23.376453
2018-03-12,23.0,23.732164
2018-03-13,24.0,23.35545
2018-03-14,23.0,23.72726
2018-03-15,23.0,23.35065
2018-03-16,23.0,23.305237
2018-03-17,23.0,23.270435
2018-03-18,23.0,23.25112
2018-03-19,23.0,23.23454
2018-03-20,22.0,23.220505
2018-03-21,22.0,22.707764
2018-03-22,23.0,22.596046
2018-03-23,24.0,23.051088
2018-03-24,23.0,23.539574
2018-03-25,24.0,23.175968
2018-03-26,23.0,23.589079
2018-03-27,23.0,23.207623
2018-03-28,23.0,23.17712
2018-03-29,22.0,23.155796
2018-03-30,23.0,22.642931
2018-03-31,24.0,23.063168
2018-04-01,24.0,23.537336
2018-04-02,24.0,23.606586
2018-04-03,23.0,23.648708
2018-04-04,24.0,23.259583
2018-04-05,24.0,23.639229
2018-04-06,23.0,23.676746
2018-04-07,24.0,23.300003
2018-04-08,24.0,23.672285
2018-04-09,24.0,23.705954
2018-04-10,24.0,23.735664
2018-04-11,24.0,23.751457
2018-04-12,24.0,23.765472
2018-04-13,25.0,23.777071
2018-04-14,24.0,24.120344
2018-04-15,24.0,23.848288
2018-04-16,25.0,23.839859
2018-04-17,25.0,24.158033
2018-04-18,25.0,24.195684
2018-04-19,23.0,24.223091
2018-04-20,24.0,23.579592
2018-04-21,24.0,23.862022
2018-04-22,24.0,23.863976
2018-04-23,25.0,23.873165
2018-04-24,23.0,24.192848
2018-04-25,24.0,23.5532
2018-04-26,23.0,23.853735
2018-04-27,23.0,23.471596
2018-04-28,24.0,23.416655
2018-04-29,24.0,23.784986
2018-04-30,23.0,23.815933
2018-05-01,22.0,23.440815
2018-05-02,22.0,22.90302
2018-05-03,22.0,22.759867
2018-05-04,21.0,22.671925
2018-05-05,21.0,22.031374
2018-05-06,22.0,21.854885
2018-05-07,23.0,22.331127
2018-05-08,23.0,22.890461
2018-05-09,23.0,22.948065
2018-05-10,23.0,22.97083
2018-05-11,23.0,22.980106
2018-05-12,24.0,22.989075
2018-05-13,23.0,23.458117
2018-05-14,23.0,23.087221
2018-05-15,25.0,23.070124
2018-05-16,25.0,23.894915
2018-05-17,25.0,23.984062
2018-05-18,24.0,24.053246
2018-05-19,23.0,23.770958
2018-05-20,23.0,23.367266
2018-05-21,23.0,23.29485
2018-05-22,24.0,23.259548
2018-05-23,24.0,23.669788
2018-05-24,24.0,23.714045
2018-05-25,24.0,23.743286
2018-05-26,24.0,23.757969
2018-05-27,24.0,23.77098
2018-05-28,24.0,23.782564
2018-05-29,24.0,23.792454
2018-05-30,24.0,23.801355
2018-05-31,22.0,23.8097
2018-06-01,23.0,22.970104
2018-06-02,22.0,23.290236
2018-06-03,22.0,22.78687
2018-06-04,22.0,22.686705
2018-06-05,22.0,22.608582
2018-06-06,23.0,22.550388
2018-06-07,24.0,23.031712
2018-06-08,23.0,23.526308
2018-06-09,23.0,23.161346
2018-06-10,22.0,23.136223
2018-06-11,23.0,22.608957
2018-06-12,23.0,23.031145
2018-06-13,24.0,23.055614
2018-06-14,22.0,23.524317
2018-06-15,21.0,22.653826
2018-06-16,22.0,21.945347
2018-06-17,22.0,22.32998
2018-06-18,21.0,22.320196
2018-06-19,21.0,21.708395
2018-06-20,24.0,21.568523
2018-06-21,25.0,23.174282
2018-06-22,25.0,23.735447
2018-06-23,23.0,23.852018
2018-06-24,22.0,23.156605
2018-06-25,23.0,22.587397
2018-06-26,23.0,22.982937
2018-06-27,22.0,23.011726
2018-06-28,22.0,22.513893
2018-06-29,23.0,22.421633
2018-06-30,22.0,22.905767
2018-07-01,22.0,22.426426
2018-07-02,22.0,22.358326
2018-07-03,22.0,22.30856
2018-07-04,22.0,22.277012
2018-07-05,23.0,22.249596
2018-07-06,22.0,22.780296
2018-07-07,23.0,22.302164
2018-07-08,22.0,22.796867
2018-07-09,21.0,22.308561
2018-07-10,21.0,21.663979
2018-07-11,21.0,21.515604
2018-07-12,21.0,21.430363
2018-07-13,22.0,21.369509
2018-07-14,21.0,21.914682
2018-07-15,21.0,21.368584
2018-07-16,22.0,21.286575
2018-07-17,21.0,21.830856
2018-07-18,21.0,21.295912
2018-07-19,21.0,21.223509
2018-07-20,20.0,21.18276
2018-07-21,22.0,20.575878
2018-07-22,23.0,21.615387
2018-07-23,25.0,22.306637
2018-07-24,24.0,23.414371
2018-07-25,21.0,23.17114
2018-07-26,19.0,21.708681
2018-07-27,20.0,20.311016
2018-07-28,23.0,20.57248
2018-07-29,23.0,22.283955
2018-07-30,23.0,22.48202
2018-07-31,22.0,22.57255
2018-08-01,23.0,22.083817
2018-08-02,22.0,22.60369
2018-08-03,22.0,22.132477
2018-08-04,20.0,22.100018
2018-08-05,20.0,20.895115
2018-08-06,21.0,20.686604
2018-08-07,22.0,21.160948
2018-08-08,23.0,21.77214
2018-08-09,22.0,22.417294
2018-08-10,22.0,21.967802
2018-08-11,22.0,21.953754
2018-08-12,23.0,21.954376
2018-08-13,22.0,22.53093
2018-08-14,21.0,22.074726
2018-08-15,22.0,21.460106
2018-08-16,22.0,21.939157
2018-08-17,23.0,21.97963
2018-08-18,21.0,22.56428
2018-08-19,22.0,21.516106
2018-08-20,21.0,21.973959
2018-08-21,22.0,21.40374
2018-08-22,23.0,21.911556
2018-08-23,21.0,22.522074
2018-08-24,22.0,21.480194
2018-08-25,22.0,21.943121
2018-08-26,21.0,21.972963
2018-08-27,22.0,21.3984
2018-08-28,22.0,21.897606
2018-08-29,24.0,21.940912
2018-08-30,23.0,23.048824
2018-08-31,23.0,22.709892
2018-09-01,23.0,22.75225
2018-09-02,22.0,22.785147
2018-09-03,23.0,22.288153
2018-09-04,23.0,22.77511
2018-09-05,23.0,22.834595
2018-09-06,24.0,22.879755
2018-09-07,23.0,23.378235
2018-09-08,24.0,23.014568
2018-09-09,24.0,23.466145
2018-09-10,22.0,23.530817
2018-09-11,23.0,22.666592
2018-09-12,23.0,23.043306
2018-09-13,21.0,23.05626
2018-09-14,21.0,21.993513
2018-09-15,21.0,21.771318
2018-09-16,21.0,21.637667
2018-09-17,23.0,21.549986
2018-09-18,23.0,22.654161
2018-09-19,24.0,22.762932
2018-09-20,25.0,23.304392
2018-09-21,24.0,23.789839
2018-09-22,24.0,23.527792
2018-09-23,22.0,23.566153
2018-09-24,23.0,22.686787
2018-09-25,24.0,23.05634
2018-09-26,23.0,23.520498
2018-09-27,22.0,23.165667
2018-09-28,22.0,22.639456
2018-09-29,23.0,22.517536
2018-09-30,23.0,22.983606
2018-10-01,24.0,23.026112
2018-10-02,23.0,23.50286
2018-10-03,23.0,23.133373
2018-10-04,23.0,23.112076
2018-10-05,24.0,23.097593
2018-10-06,22.0,23.544292
2018-10-07,23.0,22.682463
2018-10-08,24.0,23.070412
2018-10-09,25.0,23.530252
2018-10-10,24.0,23.967134
2018-10-11,23.0,23.703882
2018-10-12,23.0,23.309258
2018-10-13,24.0,23.244946
2018-10-14,22.0,23.647114
2018-10-15,24.0,22.80315
2018-10-16,25.0,23.615507
2018-10-17,25.0,24.025208
2018-10-18,26.0,24.098005
2018-10-19,25.0,24.40621
2018-10-20,25.0,24.202229
2018-10-21,24.0,24.215542
2018-10-22,26.0,23.924044
2018-10-23,25.0,24.466732
2018-10-24,26.0,24.262123
2018-10-25,23.0,24.516275
2018-10-26,23.0,23.683609
2018-10-27,26.0,23.551247
2018-10-28,26.0,24.466066
2018-10-29,25.0,24.510918
2018-10-30,26.0,24.314861
2018-10-31,25.0,24.542587
2018-11-01,23.0,24.326979
2018-11-02,24.0,23.69558
2018-11-03,26.0,23.94485
2018-11-04,25.0,24.503677
2018-11-05,26.0,24.307169
2018-11-06,25.0,24.55015
2018-11-07,26.0,24.334589
2018-11-08,25.0,24.560646
2018-11-09,25.0,24.345219
2018-11-10,25.0,24.336205
2018-11-11,24.0,24.328205
2018-11-12,26.0,24.043945
2018-11-13,26.0,24.544872
2018-11-14,24.0,24.565407
2018-11-15,25.0,24.08934
2018-11-16,26.0,24.317863
2018-11-17,26.0,24.553787
2018-11-18,24.0,24.576223
2018-11-19,26.0,24.09526
2018-11-20,24.0,24.561842
2018-11-21,23.0,24.071953
2018-11-22,23.0,23.67527
2018-11-23,23.0,23.574306
2018-11-24,23.0,23.522533
2018-11-25,25.0,23.491444
2018-11-26,25.0,24.19491
2018-11-27,25.0,24.237104
2018-11-28,24.0,24.2631
2018-11-29,25.0,23.975266
2018-11-30,24.0,24.246784
2018-12-01,24.0,23.965223
2018-12-02,24.0,23.94231
2018-12-03,23.0,23.92434
2018-12-04,24.0,23.54272
2018-12-05,24.0,23.862751
2018-12-06,25.0,23.873737
2018-12-07,24.0,24.201033
2018-12-08,24.0,23.925125
2018-12-09,26.0,23.90579
2018-12-10,25.0,24.467627
2018-12-11,25.0,24.264788
2018-12-12,26.0,24.275202
2018-12-13,25.0,24.517097
2018-12-14,26.0,24.30791
2018-12-15,26.0,24.541697
2018-12-16,25.0,24.55627
2018-12-17,24.0,24.345669
2018-12-18,23.0,24.048187
2018-12-19,24.0,23.642267
2018-12-20,24.0,23.928205
2018-12-21,24.0,23.934145
2018-12-22,25.0,23.938568
2018-12-23,23.0,24.24326
2018-12-24,24.0,23.612862
2018-12-25,25.0,23.902603
2018-12-26,25.0,24.216692
2018-12-27,25.0,24.251328
2018-12-28,24.0,24.268942
2018-12-29,24.0,23.983042
2018-12-30,23.0,23.947966
2018-12-31,23.0,23.558502
2019-01-01,25.0,23.484776
2019-01-02,24.6,24.172745
2019-01-03,24.1,24.103235
2019-01-04,24.2,23.965107
2019-01-05,22.9,23.979553
2019-01-06,23.6,23.49387
2019-01-07,24.0,23.695206
2019-01-08,22.6,23.838373
2019-01-09,23.6,23.295362
2019-01-10,23.8,23.633266
2019-01-11,24.4,23.716434
2019-01-12,25.2,23.946945
2019-01-13,24.0,24.218906
2019-01-14,24.2,23.893488
2019-01-15,23.2,23.939205
2019-01-16,23.0,23.568481
2019-01-17,24.3,23.426418
2019-01-18,23.4,23.89278
2019-01-19,23.2,23.600891
2019-01-20,23.6,23.493378
2019-01-21,24.2,23.620617
2019-01-22,24.0,23.850807
2019-01-23,23.7,23.810732
2019-01-24,24.0,23.707495
2019-01-25,24.9,23.804384
2019-01-26,23.7,24.111752
2019-01-27,24.4,23.758854
2019-01-28,24.6,23.977026
2019-01-29,24.6,24.054714
2019-01-30,23.4,24.078604
2019-01-31,23.4,23.685331
2019-02-01,23.4,23.627436
2019-02-02,24.0,23.59397
2019-02-03,23.3,23.809828
2019-02-04,24.0,23.56185
2019-02-05,24.0,23.80413
2019-02-06,24.0,23.818787
2019-02-07,23.8,23.830229
2019-02-08,23.5,23.762177
2019-02-09,23.7,23.640028
2019-02-10,24.3,23.695349
2019-02-11,23.2,23.911865
2019-02-12,23.8,23.530222
2019-02-13,24.1,23.721306
2019-02-14,24.2,23.835423
2019-02-15,23.4,23.892193
2019-02-16,23.4,23.614206
2019-02-17,23.0,23.575676
2019-02-18,24.0,23.383432
2019-02-19,25.0,23.755201
2019-02-20,23.7,24.120947
2019-02-21,23.5,23.746967
2019-02-22,24.0,23.641586
2019-02-23,23.3,23.799713
2019-02-24,23.1,23.546131
2019-02-25,23.2,23.427639
2019-02-26,24.0,23.432322
2019-02-27,24.4,23.741999
2019-02-28,24.5,23.915773
2019-03-01,24.5,23.98292
2019-03-02,24.7,24.006561
2019-03-03,24.4,24.084808
2019-03-04,25.0,24.012218
2019-03-05,24.0,24.197271
2019-03-06,24.4,23.917423
2019-03-07,24.6,24.027763
2019-03-08,24.0,24.094076
2019-03-09,23.4,23.918655
2019-03-10,24.2,23.68443
2019-03-11,23.4,23.932169
2019-03-12,23.4,23.658642
2019-03-13,23.7,23.62463
2019-03-14,24.3,23.716476
2019-03-15,23.4,23.935568
2019-03-16,23.6,23.635843
2019-03-17,24.4,23.678253
2019-03-18,23.2,23.956293
2019-03-19,24.0,23.550005
2019-03-20,23.6,23.812725
2019-03-21,24.3,23.674397
2019-03-22,26.0,23.920263
2019-03-23,25.3,24.430834
2019-03-24,24.4,24.31125
2019-03-25,24.0,24.084822
2019-03-26,23.4,23.934896
2019-03-27,23.6,23.692814
2019-03-28,23.8,23.723278
2019-03-29,22.6,23.783741
2019-03-30,23.6,23.296799
2019-03-31,23.8,23.638342
2019-04-01,24.0,23.723894
2019-04-02,23.0,23.813908
2019-04-03,23.4,23.433695
2019-04-04,23.2,23.541979
2019-04-05,24.1,23.446218
2019-04-06,24.2,23.789228
2019-04-07,24.2,23.8561
2019-04-08,21.0,23.88081
2019-04-09,22.5,22.465998
2019-04-10,24.7,22.963335
2019-04-11,24.3,23.902657
2019-04-12,24.5,23.851788
2019-04-13,25.4,23.954952
2019-04-14,24.8,24.24578
2019-04-15,25.2,24.123035
2019-04-16,24.2,24.252102
2019-04-17,24.4,23.983541
2019-04-18,25.0,24.03117
2019-04-19,23.5,24.210629
2019-04-20,23.3,23.761827
2019-04-21,23.8,23.627285
2019-04-22,23.9,23.771156
2019-04-23,24.1,23.81226
2019-04-24,23.6,23.889597
2019-04-25,23.6,23.718332
2019-04-26,24.1,23.695812
2019-04-27,23.4,23.865583
2019-04-28,24.1,23.62292
2019-04-29,24.3,23.858637
2019-04-30,24.4,23.942204
2019-05-01,25.3,23.995413
2019-05-02,23.7,24.275347
2019-05-03,23.8,23.825857
2019-05-04,24.4,23.817066
2019-05-05,24.0,24.001802
2019-05-06,23.0,23.88911
2019-05-07,24.0,23.504684
2019-05-08,23.0,23.828117
2019-05-09,22.0,23.45655
2019-05-10,23.0,22.934206
2019-05-11,23.0,23.2884
2019-05-12,23.0,23.288145
2019-05-13,23.0,23.281242
2019-05-14,22.0,23.261032
2019-05-15,23.0,22.745768
2019-05-16,23.0,23.145601
2019-05-17,22.0,23.156986
2019-05-18,22.0,22.653538
2019-05-19,22.0,22.545227
2019-05-20,22.0,22.473598
2019-05-21,23.0,22.423922
2019-05-22,24.0,22.923908
2019-05-23,24.0,23.439247
2019-05-24,23.0,23.518358
2019-05-25,24.0,23.137604
2019-05-26,22.0,23.545986
2019-05-27,22.0,22.673573
2019-05-28,23.0,22.53736
2019-05-29,24.0,22.98423
2019-05-30,23.0,23.485018
2019-05-31,23.0,23.122944
2019-06-01,23.0,23.100754
2019-06-02,24.0,23.086178
2019-06-03,24.0,23.534086
2019-06-04,23.0,23.595186
2019-06-05,24.0,23.2183
2019-06-06,24.0,23.610184
2019-06-07,23.0,23.652273
2019-06-08,22.0,23.276981
2019-06-09,23.0,22.737411
2019-06-10,23.0,23.122906
2019-06-11,23.0,23.13822
2019-06-12,23.0,23.14691
2019-06-13,24.0,23.142345
2019-06-14,26.0,23.581577
2019-06-15,25.0,24.295986
2019-06-16,23.0,24.105139
2019-06-17,21.0,23.447931
2019-06-18,21.0,22.337683
2019-06-19,20.0,22.03616
2019-06-20,20.0,21.258144
2019-06-21,20.0,21.032387
2019-06-22,19.0,20.881865
2019-06-23,21.0,20.206432
2019-06-24,20.0,21.15224
2019-06-25,20.0,20.62935
2019-06-26,21.0,20.51894
2019-06-27,20.0,21.014605
2019-06-28,20.0,20.480436
2019-06-29,19.0,20.390207
2019-06-30,20.0,19.850718
2019-07-01,19.0,20.242363
2019-07-02,22.0,19.786848
2019-07-03,23.0,21.23473
2019-07-04,24.0,22.002808
2019-07-05,23.0,22.688225
2019-07-06,22.0,22.362898
2019-07-07,20.0,21.888762
2019-07-08,19.5,20.701332
2019-07-09,19.0,20.248846
2019-07-10,20.0,19.89542
2019-07-11,20.0,20.308735
2019-07-12,20.0,20.32491
2019-07-13,22.0,20.296452
2019-07-14,21.0,21.35991
2019-07-15,20.0,20.934336
2019-07-16,20.0,20.3638
2019-07-17,20.0,20.293682
2019-07-18,21.0,20.27309
2019-07-19,22.0,20.7856
2019-07-20,23.0,21.412655
2019-07-21,23.0,22.089048
2019-07-22,21.0,22.24196
2019-07-23,21.0,21.218208
2019-07-24,20.0,21.118845
2019-07-25,20.0,20.517595
2019-07-26,20.0,20.423313
2019-07-27,20.0,20.380224
2019-07-28,21.0,20.34704
2019-07-29,20.0,20.85588
2019-07-30,20.0,20.363852
2019-07-31,20.0,20.297758
2019-08-01,21.0,20.275478
2019-08-02,21.0,20.78472
2019-08-03,21.0,20.845533
2019-08-04,20.0,20.863007
2019-08-05,20.0,20.33617
2019-08-06,19.0,20.275146
2019-08-07,20.0,19.776161
2019-08-08,20.0,20.17591
2019-08-09,20.0,20.213652
2019-08-10,21.0,20.204468
2019-08-11,21.0,20.712734
2019-08-12,20.0,20.78229
2019-08-13,23.0,20.27636
2019-08-14,23.0,21.87058
2019-08-15,23.0,22.11207
2019-08-16,21.0,22.246828
2019-08-17,19.0,21.220177
2019-08-18,21.0,20.014309
2019-08-19,21.0,20.893276
2019-08-20,22.0,20.986359
2019-08-21,22.0,21.571308
2019-08-22,21.0,21.661272
2019-08-23,22.0,21.12856
2019-08-24,22.0,21.658886
2019-08-25,23.0,21.734825
2019-08-26,23.0,22.351189
2019-08-27,22.0,22.472185
2019-08-28,21.0,22.007116
2019-08-29,21.0,21.393476
2019-08-30,21.0,21.287724
2019-08-31,21.0,21.23805
2019-09-01,21.0,21.204897
2019-09-02,21.0,21.175882
2019-09-03,21.0,21.149902
2019-09-04,19.0,21.127377
2019-09-05,20.0,20.006668
2019-09-06,20.0,20.35508
2019-09-07,21.0,20.36256
2019-09-08,22.0,20.871174
2019-09-09,23.0,21.493196
2019-09-10,22.0,22.16074
2019-09-11,21.0,21.737526
2019-09-12,21.0,21.170124
2019-09-13,20.0,21.099756
2019-09-14,21.0,20.509346
2019-09-15,23.0,20.972738
2019-09-16,22.0,22.169025
2019-09-17,21.0,21.775265
2019-09-18,23.0,21.205824
2019-09-19,22.0,22.293833
2019-09-20,21.0,21.880281
2019-09-21,23.0,21.298082
2019-09-22,21.0,22.375347
2019-09-23,22.0,21.36623
2019-09-24,22.0,21.852869
2019-09-25,23.0,21.893927
2019-09-26,24.0,22.488583
2019-09-27,23.0,23.096603
2019-09-28,23.0,22.75092
2019-09-29,23.0,22.782335
2019-09-30,23.0,22.813301
2019-10-01,23.0,22.851257
2019-10-02,23.0,22.88506
2019-10-03,23.0,22.914574
2019-10-04,23.0,22.939894
2019-10-05,22.0,22.962704
2019-10-06,22.0,22.458393
2019-10-07,22.0,22.37514
2019-10-08,22.0,22.324236
2019-10-09,22.0,22.292137
2019-10-10,22.0,22.263508
2019-10-11,22.0,22.23844
2019-10-12,24.0,22.216637
2019-10-13,23.0,23.255165
2019-10-14,24.0,22.907911
2019-10-15,22.0,23.394707
2019-10-16,22.0,22.50745
2019-10-17,22.0,22.392948
2019-10-18,21.0,22.325691
2019-10-19,23.0,21.70223
2019-10-20,23.0,22.727673
2019-10-21,23.0,22.822365
2019-10-22,25.0,22.873257
2019-10-23,23.0,23.78001
2019-10-24,22.0,23.086853
2019-10-25,23.0,22.546139
2019-10-26,24.0,22.953932
2019-10-27,24.0,23.44882
2019-10-28,24.0,23.53299
2019-10-29,24.0,23.587372
2019-10-30,23.0,23.624311
2019-10-31,24.0,23.23949
2019-11-01,25.0,23.625513
2019-11-02,25.0,24.019613
2019-11-03,24.0,24.088573
2019-11-04,25.0,23.815022
2019-11-05,25.0,24.13056
2019-11-06,24.0,24.166544
2019-11-07,23.0,23.891768
2019-11-08,25.0,23.490671
2019-11-09,26.0,24.14505
2019-11-10,26.0,24.44913
2019-11-11,25.0,24.498692
2019-11-12,25.0,24.291462
2019-11-13,26.0,24.284727
2019-11-14,26.0,24.523983
2019-11-15,25.0,24.547733
2019-11-16,22.0,24.33938
2019-11-17,23.0,23.302422
2019-11-18,25.0,23.515713
2019-11-19,25.0,24.200651
2019-11-20,25.0,24.252218
2019-11-21,25.0,24.278637
2019-11-22,23.0,24.284674
2019-11-23,25.0,23.649115
2019-11-24,24.0,24.235834
2019-11-25,23.0,23.960003
2019-11-26,26.0,23.580206
2019-11-27,24.0,24.477884
2019-11-28,25.0,23.981216
2019-11-29,25.0,24.260489
2019-11-30,25.0,24.268158
2019-12-01,26.0,24.281933
2019-12-02,25.0,24.528347
2019-12-03,24.0,24.31921
2019-12-04,26.0,24.029005
2019-12-05,26.0,24.52748
2019-12-06,25.0,24.550093
2019-12-07,25.0,24.346308
2019-12-08,26.0,24.331825
2019-12-09,25.0,24.55785
2019-12-10,25.0,24.347677
2019-12-11,24.0,24.338314
2019-12-12,25.0,24.0466
2019-12-13,24.0,24.300854
2019-12-14,25.0,24.021103
2019-12-15,26.0,24.291187
2019-12-16,25.0,24.541729
2019-12-17,24.0,24.33867
2019-12-18,24.0,24.049513
2019-12-19,25.0,24.000324
2019-12-20,25.0,24.277454
2019-12-21,25.0,24.296856
2019-12-22,25.0,24.308403
2019-12-23,23.0,24.311394
2019-12-24,24.0,23.682144
2019-12-25,25.0,23.94527
2019-12-26,24.0,24.249594
2019-12-27,23.0,23.984356
2019-12-28,25.0,23.596899
2019-12-29,25.0,24.21943
2019-12-30,24.0,24.251314
2019-12-31,24.0,23.980648
2020-01-01,25.0,23.946999
2020-01-02,23.4,24.23715
2020-01-03,24.2,23.756653
2020-01-04,24.2,23.980999
2020-01-05,24.5,23.980572
2020-01-06,24.5,24.081978
2020-01-07,24.0,24.09172
2020-01-08,24.5,23.937447
2020-01-09,24.4,24.080538
2020-01-10,23.4,24.058239
2020-01-11,22.2,23.72106
2020-01-12,22.7,23.150818
2020-01-13,24.8,23.248882
2020-01-14,23.8,24.05265
2020-01-15,24.2,23.777363
2020-01-16,25.2,23.915045
2020-01-17,23.4,24.230091
2020-01-18,22.1,23.694386
2020-01-19,23.0,23.063288
2020-01-20,23.4,23.331161
2020-01-21,23.6,23.494038
2020-01-22,25.0,23.592766
2020-01-23,24.4,24.103361
2020-01-24,24.7,23.967716
2020-01-25,24.1,24.077232
2020-01-26,24.0,23.90263
2020-01-27,24.5,23.86024
2020-01-28,25.4,24.019194
2020-01-29,24.5,24.299664
2020-01-30,25.3,24.088837
2020-01-31,25.8,24.312462
2020-02-01,24.3,24.453037
2020-02-02,24.5,24.094297
2020-02-03,23.5,24.124323
2020-02-04,24.8,23.785315
2020-02-05,24.0,24.170156
2020-02-06,23.7,23.945097
2020-02-07,24.2,23.827261
2020-02-08,25.2,23.970846
2020-02-09,23.9,24.278902
2020-02-10,24.6,23.927141
2020-02-11,23.4,24.123034
2020-02-12,24.0,23.729887
2020-02-13,23.3,23.897146
2020-02-14,24.6,23.63709
2020-02-15,23.8,24.06728
2020-02-16,24.6,23.831068
2020-02-17,24.4,24.085827
2020-02-18,24.0,24.041525
2020-02-19,23.9,23.91885
2020-02-20,24.0,23.867779
2020-02-21,23.4,23.888983
2020-02-22,24.8,23.666502
2020-02-23,25.0,24.121532
2020-02-24,23.8,24.21117
2020-02-25,24.2,23.870964
2020-02-26,23.8,23.969234
2020-02-27,24.6,23.828262
2020-02-28,24.2,24.080551
2020-02-29,25.0,23.974699
2020-03-01,25.0,24.218115
2020-03-02,25.2,24.239563
2020-03-03,24.8,24.310162
2020-03-04,24.6,24.218103
2020-03-05,24.2,24.161213
2020-03-06,23.5,24.033617
2020-03-07,24.0,23.777283
2020-03-08,24.2,23.91023
2020-03-09,23.8,23.976393
2020-03-10,24.1,23.84826
2020-03-11,25.2,23.935055
2020-03-12,25.2,24.27207
2020-03-13,24.3,24.304483
2020-03-14,24.8,24.073345
2020-03-15,24.1,24.201256
2020-03-16,24.0,23.996819
2020-03-17,24.0,23.944668
2020-03-18,23.8,23.926594
2020-03-19,23.4,23.84871
2020-03-20,24.1,23.68428
2020-03-21,24.0,23.9084
2020-03-22,24.0,23.88616
2020-03-23,24.0,23.888952
2020-03-24,24.3,23.884811
2020-03-25,24.1,23.983166
2020-03-26,23.6,23.92751
2020-03-27,24.1,23.747849
2020-03-28,25.2,23.899323
2020-03-29,23.6,24.248035
2020-03-30,25.8,23.790949
2020-03-31,24.6,24.420467
2020-04-01,24.5,24.141155
2020-04-02,25.0,24.11242
2020-04-03,25.0,24.246313
2020-04-04,25.2,24.26194
2020-04-05,25.0,24.326563
2020-04-06,25.0,24.287216
2020-04-07,24.4,24.291096
2020-04-08,24.2,24.126722
2020-04-09,24.2,24.048067
2020-04-10,23.4,24.029934
2020-04-11,23.8,23.744835
2020-04-12,23.9,23.84334
2020-04-13,23.2,23.869898
2020-04-14,23.0,23.60704
2020-04-15,24.4,23.4751
2020-04-16,23.8,23.970093
2020-04-17,24.8,23.800137
2020-04-18,24.9,24.129917
2020-04-19,24.2,24.184484
2020-04-20,25.0,23.996992
2020-04-21,23.8,24.224632
2020-04-22,24.1,23.87608
2020-04-23,24.6,23.944586
2020-04-24,24.3,24.09731
2020-04-25,23.8,24.023571
2020-04-26,24.2,23.855984
2020-04-27,24.6,23.966797
2020-04-28,23.4,24.097233
2020-04-29,23.5,23.712261
2020-04-30,23.4,23.695885
2020-05-01,22.8,23.628078
2020-05-02,23.8,23.354486
2020-05-03,24.0,23.713661
2020-05-04,23.7,23.807255
2020-05-05,24.6,23.71609
2020-05-06,23.6,24.022926
2020-05-07,24.0,23.70922
2020-05-08,24.9,23.830116
2020-05-09,25.0,24.128017
2020-05-10,23.0,24.194038
2020-05-11,22.6,23.552544
2020-05-12,23.2,23.273314
2020-05-13,23.4,23.44836
2020-05-14,24.2,23.528904
2020-05-15,23.2,23.84537
2020-05-16,24.0,23.49648
2020-05-17,24.6,23.774916
2020-05-18,25.0,23.997963
2020-05-19,25.0,24.156916
2020-05-20,26.0,24.190739
2020-05-21,24.8,24.465717
2020-05-22,24.0,24.205984
2020-05-23,24.4,23.961033
2020-05-24,24.8,24.05195
2020-05-25,24.2,24.174139
2020-05-26,24.5,24.012648
2020-05-27,24.8,24.094826
2020-05-28,24.1,24.186714
2020-05-29,24.6,23.990301
2020-05-30,24.1,24.128803
2020-05-31,24.5,23.980713
2020-06-01,24.3,24.096087
2020-06-02,24.4,24.040203
2020-06-03,23.3,24.069689
2020-06-04,22.8,23.693153
2020-06-05,22.5,23.425524
2020-06-06,22.8,23.210865
2020-06-07,23.2,23.279408
2020-06-08,22.4,23.4335
2020-06-09,22.4,23.065592
2020-06-10,22.0,22.98849
2020-06-11,21.5,22.71986
2020-06-12,22.2,22.353737
2020-06-13,22.8,22.62937
2020-06-14,24.6,22.931168
2020-06-15,24.2,23.76156
2020-06-16,24.0,23.697987
2020-06-17,22.0,23.664509
2020-06-18,23.6,22.78611
2020-06-19,23.8,23.407356
2020-06-20,23.6,23.52703
2020-06-21,23.1,23.489618
2020-06-22,23.2,23.28339
2020-06-23,22.0,23.299265
2020-06-24,22.4,22.702488
2020-06-25,23.7,22.796227
2020-06-26,22.0,23.39478
2020-06-27,21.9,22.641527
2020-06-28,22.0,22.471256
2020-06-29,22.6,22.434742
2020-06-30,22.2,22.721533
2020-07-01,22.4,22.520035
2020-07-02,21.8,22.592834
2020-07-03,22.0,22.242369
2020-07-04,21.7,22.285917
2020-07-05,21.6,22.081999
2020-07-06,22.6,21.96827
2020-07-07,24.2,22.494778
2020-07-08,22.4,23.350887
2020-07-09,23.0,22.614937
2020-07-10,23.2,22.877842
2020-07-11,22.3,22.998762
2020-07-12,22.2,22.584133
2020-07-13,22.5,22.477089
2020-07-14,22.5,22.601545
2020-07-15,22.5,22.606071
2020-07-16,22.9,22.606184
2020-07-17,21.2,22.815144
2020-07-18,22.0,21.903591
2020-07-19,23.8,22.215473
2020-07-20,22.2,23.165358
2020-07-21,24.4,22.480793
2020-07-22,22.6,23.513697
2020-07-23,22.0,22.80562
2020-07-24,22.1,22.442049
2020-07-25,20.9,22.404335
2020-07-26,20.6,21.664463
2020-07-27,20.2,21.325012
2020-07-28,21.2,20.955818
2020-07-29,21.7,21.428999
2020-07-30,19.0,21.73516
2020-07-31,21.2,20.188868
2020-08-01,21.8,21.178162
2020-08-02,21.4,21.614704
2020-08-03,19.5,21.428219
2020-08-04,20.8,20.32233
2020-08-05,21.0,20.870296
2020-08-06,23.2,21.019405
2020-08-07,23.2,22.293495
2020-08-08,20.6,22.470522
2020-08-09,20.8,21.101046
2020-08-10,22.3,21.048851
2020-08-11,22.8,21.879347
2020-08-12,23.8,22.275719
2020-08-13,24.6,22.901583
2020-08-14,23.8,23.396673
2020-08-15,23.0,23.201323
2020-08-16,22.8,22.898754
2020-08-17,22.2,22.796436
2020-08-18,23.2,22.478355
2020-08-19,22.6,22.960861
2020-08-20,21.4,22.718912
2020-08-21,22.2,22.041811
2020-08-22,22.2,22.368938
2020-08-23,21.0,22.371893
2020-08-24,22.3,21.666245
2020-08-25,22.2,22.29842
2020-08-26,22.7,22.28451
2020-08-27,22.4,22.573635
2020-08-28,22.0,22.451027
2020-08-29,23.3,22.225636
2020-08-30,23.2,22.89943
2020-08-31,22.4,22.936707
2020-09-01,22.1,22.579048
2020-09-02,22.8,22.376717
2020-09-03,24.6,22.716785
2020-09-04,24.2,23.598808
2020-09-05,24.0,23.561762
2020-09-06,23.5,23.55138
2020-09-07,23.2,23.381245
2020-09-08,24.0,23.254637
2020-09-09,22.6,23.588413
2020-09-10,23.0,23.030254
2020-09-11,22.1,23.153662
2020-09-12,22.0,22.68867
2020-09-13,23.0,22.54344
2020-09-14,22.2,23.00425
2020-09-15,22.5,22.629934
2020-09-16,21.8,22.736944
2020-09-17,23.2,22.335108
2020-09-18,23.8,23.012707
2020-09-19,22.8,23.353916
2020-09-20,24.6,22.969124
2020-09-21,23.6,23.73602
2020-09-22,24.2,23.430885
2020-09-23,25.8,23.689909
2020-09-24,24.0,24.245434
2020-09-25,23.2,23.782686
2020-09-26,23.6,23.464592
2020-09-27,25.4,23.57002
2020-09-28,25.2,24.196531
2020-09-29,25.4,24.205618
2020-09-30,25.0,24.30056
2020-10-01,24.6,24.223057
2020-10-02,24.2,24.122116
2020-10-03,25.4,23.995533
2020-10-04,23.6,24.331558
2020-10-05,23.2,23.828499
2020-10-06,24.0,23.620707
2020-10-07,24.6,23.862568
2020-10-08,23.2,24.075127
2020-10-09,23.4,23.619818
2020-10-10,24.6,23.636572
2020-10-11,26.0,24.043108
2020-10-12,23.8,24.460657
2020-10-13,23.4,23.906467
2020-10-14,24.1,23.709045
2020-10-15,24.2,23.907835
2020-10-16,25.2,23.953014
2020-10-17,24.6,24.268309
2020-10-18,23.8,24.132692
2020-10-19,25.2,23.880781
2020-10-20,25.0,24.280176
2020-10-21,24.1,24.253206
2020-10-22,24.2,24.008099
2020-10-23,23.6,24.01096
2020-10-24,23.8,23.793558
2020-10-25,24.6,23.832178
2020-10-26,25.6,24.090311
2020-10-27,25.2,24.389854
2020-10-28,23.2,24.324593
2020-10-29,23.4,23.720352
2020-10-30,24.6,23.695232
2020-10-31,21.5,24.077665
2020-11-01,25.0,22.869392
2020-11-02,24.4,24.144176
2020-11-03,24.8,24.005106
2020-11-04,23.6,24.157026
2020-11-05,25.1,23.781717
2020-11-06,24.8,24.229147
2020-11-07,24.65,24.172699
2020-11-08,24.5,24.147182
2020-11-09,24.6,24.103788
2020-11-10,25.0,24.13132
2020-11-11,24.3,24.24903
2020-11-12,25.4,24.06418
2020-11-13,25.2,24.362005
2020-11-14,25.4,24.33295
2020-11-15,25.5,24.396181
2020-11-16,24.8,24.42966
2020-11-17,24.8,24.265968
2020-11-18,25.8,24.254347
2020-11-19,25.0,24.496647
2020-11-20,24.8,24.327885
2020-11-21,25.0,24.271793
2020-11-22,24.4,24.313517
2020-11-23,25.5,24.150595
2020-11-24,24.3,24.428787
2020-11-25,23.950000000000003,24.12982
2020-11-26,23.6,23.995304
2020-11-27,24.2,23.839573
2020-11-28,23.5,24.012129
2020-11-29,24.6,23.777016
2020-11-30,24.8,24.119814
2020-12-01,24.7,24.197922
2020-12-02,25.0,24.187645
2020-12-03,24.5,24.273987
2020-12-04,25.0,24.14408
2020-12-05,24.4,24.276943
2020-12-06,23.5,24.117212
2020-12-07,24.5,23.808971
2020-12-08,24.3,24.093908
2020-12-09,24.6,24.044632
2020-12-10,25.2,24.139874
2020-12-11,24.4,24.313837
2020-12-12,25.0,24.113049
2020-12-13,23.9,24.271488
2020-12-14,23.8,23.95437
2020-12-15,23.7,23.883913
2020-12-16,23.2,23.81909
2020-12-17,23.6,23.609118
2020-12-18,22.9,23.72156
2020-12-19,24.6,23.429785
2020-12-20,23.8,24.031433
2020-12-21,23.5,23.800379
2020-12-22,24.0,23.679565
2020-12-23,24.8,23.835245
2020-12-24,22.6,24.108778
2020-12-25,22.8,23.34881
2020-12-26,23.2,23.313866
2020-12-27,23.0,23.432297
2020-12-28,23.2,23.3418
2020-12-29,24.2,23.406677
2020-12-30,23.0,23.801529
2020-12-31,24.2,23.368149
2021-01-01,23.4,23.806448
2021-01-02,23.849999999999998,23.531675
2021-01-03,24.3,23.692776
2021-01-04,23.6,23.86657
2021-01-05,23.8,23.643028
2021-01-06,24.0,23.703053
2021-01-07,24.2,23.777636
2021-01-08,24.0,23.863947
2021-01-09,23.7,23.812115
2021-01-10,23.3,23.703989
2021-01-11,23.5,23.531412
2021-01-12,24.3,23.57977
2021-01-13,24.3,23.87734
2021-01-14,24.4,23.91267
2021-01-15,24.5,23.9679
2021-01-16,24.4,24.0161
2021-01-17,23.7,24.000479
2021-01-18,23.95,23.770536
2021-01-19,24.2,23.832119
2021-01-20,24.0,23.917461
2021-01-21,23.8,23.862864
2021-01-22,24.0,23.789658
2021-01-23,23.8,23.84896
2021-01-24,23.8,23.78147
2021-01-25,23.8,23.774664
2021-01-26,23.5,23.768965
2021-01-27,23.1,23.651917
2021-01-28,23.533333333333335,23.467598
2021-01-29,23.966666666666665,23.605427
2021-01-30,24.4,23.774517
2021-01-31,23.8,23.948008
2021-02-01,23.6,23.767834
2021-02-02,24.05,23.679346
2021-02-03,24.5,23.826809
2021-02-04,24.2,23.994602
2021-02-05,23.4,23.924402
2021-02-06,24.7,23.639378
2021-02-07,24.2,24.0607
2021-02-08,24.1,23.933912
2021-02-09,24.0,23.907377
2021-02-10,24.4,23.868
2021-02-11,24.6,23.998781
2021-02-12,24.2,24.076859
2021-02-13,24.8,23.968672
2021-02-14,23.5,24.15075
2021-02-15,23.5,23.745373
2021-02-16,23.0,23.694683
2021-02-17,23.2,23.459593
2021-02-18,24.4,23.494268
2021-02-19,24.4,23.93693
2021-02-20,24.4,23.97739
2021-02-21,24.0,24.000687
2021-02-22,24.0,23.876608
2021-02-23,24.4,23.86577
2021-02-24,23.7,23.996262
2021-02-25,24.0,23.77376
2021-02-26,24.2,23.859056
2021-02-27,23.8,23.928453
2021-02-28,23.8,23.80123
2021-03-01,22.5,23.786985
2021-03-02,22.2,23.24299
2021-03-03,22.6,22.986694
2021-03-04,23.6,23.087824
2021-03-05,23.7,23.521854
2021-03-06,23.6,23.600344
2021-03-07,23.0,23.580347
2021-03-08,23.6,23.325708
2021-03-09,24.0,23.540943
2021-03-10,23.4,23.711979
2021-03-11,22.9,23.507948
2021-03-12,22.8,23.27142
2021-03-13,23.6,23.171347
2021-03-14,22.8,23.493315
2021-03-15,23.2,23.169424
2021-03-16,24.0,23.31137
2021-03-17,23.8,23.648275
2021-03-18,23.5,23.6164
2021-03-19,23.6,23.51411
2021-03-20,23.6,23.546133
2021-03-21,24.9,23.549234
2021-03-22,23.8,24.02834
2021-03-23,23.8,23.71294
2021-03-24,25.0,23.704357
2021-03-25,25.3,24.1074
2021-03-26,24.2,24.238775
2021-03-27,23.4,23.959087
2021-03-28,23.2,23.658129
2021-03-29,23.9,23.520395
2021-03-30,24.5,23.75827
2021-03-31,25.0,23.986645
2021-04-01,24.0,24.174393
2021-04-02,23.8,23.900145
2021-04-03,24.0,23.809908
2021-04-04,23.4,23.858437
2021-04-05,23.7,23.638084
2021-04-06,23.6,23.72178
2021-04-07,23.6,23.679607
2021-04-08,22.7,23.672142
2021-04-09,24.2,23.285582
2021-04-10,23.5,23.836386
2021-04-11,23.5,23.6132
2021-04-12,23.6,23.603474
2021-04-13,23.2,23.627625
2021-04-14,22.9,23.463112
2021-04-15,23.2,23.3017
2021-04-16,23.4,23.391548
2021-04-17,22.6,23.471155
2021-04-18,22.4,23.116833
2021-04-19,23.6,22.949516
2021-04-20,23.2,23.455074
2021-04-21,21.9,23.32265
2021-04-22,21.3,22.68134
2021-04-23,21.8,22.198868
2021-04-24,21.5,22.329552
2021-04-25,22.6,22.104053
2021-04-26,23.2,22.657347
2021-04-27,23.6,23.0059
2021-04-28,23.5,23.250834
2021-04-29,21.4,23.25882
2021-04-30,22.6,22.213634
2021-05-01,22.2,22.69615
2021-05-02,24.1,22.489845
2021-05-03,22.7,23.420006
2021-05-04,22.6,22.875996
2021-05-05,23.0,22.795137
2021-05-06,23.4,22.965582
2021-05-07,23.4,23.181404
2021-05-08,23.299999999999997,23.226383
2021-05-09,23.2,23.211761
2021-05-10,22.6,23.179636
2021-05-11,23.2,22.895996
2021-05-12,22.6,23.148998
2021-05-13,22.0,22.879974
2021-05-14,22.2,22.528109
2021-05-15,23.8,22.55243
2021-05-16,22.4,23.332577
2021-05-17,22.5,22.7522
2021-05-18,23.0,22.74959
2021-05-19,23.6,22.975323
2021-05-20,23.0,23.288244
2021-05-21,24.0,23.069014
2021-05-22,23.6,23.514694
2021-05-23,22.4,23.410114
2021-05-24,23.6,22.879625
2021-05-25,23.6,23.370897
2021-05-26,23.8,23.414312
2021-05-27,23.1,23.53296
2021-05-28,23.8,23.26463
2021-05-29,24.4,23.543
2021-05-30,23.0,23.805601
2021-05-31,23.2,23.310356
2021-06-01,22.8,23.344608
2021-06-02,22.8,23.141603
2021-06-03,23.0,23.105381
2021-06-04,23.6,23.175507
2021-06-05,24.2,23.445076
2021-06-06,23.0,23.720362
2021-06-07,23.2,23.28326
2021-06-08,23.6,23.325726
2021-06-09,23.4,23.485542
2021-06-10,22.8,23.426426
2021-06-11,22.4,23.15916
2021-06-12,22.4,22.91361
2021-06-13,22.2,22.845852
2021-06-14,23.2,22.69617
2021-06-15,23.6,23.156591
2021-06-16,23.8,23.379116
2021-06-17,23.8,23.509611
2021-06-18,23.8,23.545097
2021-06-19,23.1,23.569304
2021-06-20,23.2,23.294577
2021-06-21,23.4,23.306602
2021-06-22,23.6,23.385824
2021-06-23,23.0,23.485027
2021-06-24,23.4,23.243946
2021-06-25,23.0,23.392561
2021-06-26,23.4,23.22234
2021-06-27,23.0,23.382687
2021-06-28,23.9,23.21556
2021-06-29,24.3,23.588272
2021-06-30,23.2,23.781746
2021-07-01,22.0,23.401087
2021-07-02,22.2,22.788742
2021-07-03,22.1,22.75044
2021-07-04,22.3,22.632956
2021-07-05,22.4,22.688414
2021-07-06,21.6,22.713816
2021-07-07,20.8,22.247608
2021-07-08,22.8,21.660322
2021-07-09,25.1,22.671583
2021-07-10,22.8,23.80698
2021-07-11,23.6,22.985228
2021-07-12,23.0,23.31593
2021-07-13,22.0,23.068058
2021-07-14,21.1,22.548323
2021-07-15,21.9,21.92216
2021-07-16,22.0,22.22944
2021-07-17,22.4,22.270727
2021-07-18,23.3,22.483418
2021-07-19,22.6,22.973574
2021-07-20,21.0,22.688038
2021-07-21,22.8,21.766266
2021-07-22,22.6,22.6286
2021-07-23,22.6,22.590088
2021-07-24,21.6,22.614656
2021-07-25,21.6,22.058277
2021-07-26,20.6,21.960802
2021-07-27,19.0,21.300232
2021-07-28,19.6,20.236631
2021-07-29,20.2,20.343782
2021-07-30,23.2,20.610603
2021-07-31,23.6,22.322788
2021-08-01,23.4,22.73479
2021-08-02,23.5,22.76014
2021-08-03,23.8,22.894152
2021-08-04,23.6,23.117609
2021-08-05,23.2,23.119167
2021-08-06,22.6,22.99745
2021-08-07,23.2,22.724537
2021-08-08,23.4,23.004822
2021-08-09,24.4,23.14292
2021-08-10,22.8,23.622375
2021-08-11,21.7,23.02856
2021-08-12,21.7,22.402784
2021-08-13,24.4,22.252422
2021-08-14,23.0,23.556608
2021-08-15,23.8,23.072247
2021-08-16,23.6,23.435696
2021-08-17,22.2,23.39201
2021-08-18,23.6,22.759668
2021-08-19,25.2,23.344852
2021-08-20,24.0,24.00531
2021-08-21,23.4,23.694801
2021-08-22,23.6,23.474754
2021-08-23,23.4,23.527966
2021-08-24,22.2,23.452435
2021-08-25,22.9,22.893503
2021-08-26,22.5,23.134197
2021-08-27,22.8,22.933212
2021-08-28,23.8,23.047224
2021-08-29,24.5,23.500565
2021-08-30,24.0,23.823498
2021-08-31,23.8,23.703749
2021-09-01,23.0,23.643944
2021-09-02,21.6,23.31314
2021-09-03,23.2,22.561722
2021-09-04,24.0,23.219059
2021-09-05,24.6,23.603521
2021-09-06,24.6,23.889606
2021-09-07,24.0,23.944292
2021-09-08,23.8,23.775333
2021-09-09,23.7,23.69888
2021-09-10,22.8,23.654455
2021-09-11,21.2,23.275835
2021-09-12,26.0,22.383678
2021-09-13,24.6,24.311207
2021-09-14,24.8,23.984533
2021-09-15,24.4,24.090622
2021-09-16,23.4,23.979904
2021-09-17,25.0,23.631506
2021-09-18,24.6,24.140806
2021-09-19,24.2,24.06124
2021-09-20,23.4,23.95605
2021-09-21,24.3,23.66214
2021-09-22,24.8,23.9447
2021-09-23,22.9,24.122293
2021-09-24,24.9,23.493689
2021-09-25,23.2,24.13657
2021-09-26,23.0,23.593405
2021-09-27,24.0,23.452948
2021-09-28,24.0,23.797419
2021-09-29,25.0,23.823332
2021-09-30,24.4,24.164427
2021-10-01,22.8,24.020884
2021-10-02,23.2,23.439377
2021-10-03,24.2,23.503359
2021-10-04,25.1,23.864746
2021-10-05,24.4,24.187227
2021-10-06,23.8,24.023897
2021-10-07,23.8,23.824776
2021-10-08,22.3,23.793896
2021-10-09,24.6,23.156504
2021-10-10,25.6,23.988636
2021-10-11,25.5,24.326725
2021-10-12,24.0,24.357151
2021-10-13,23.2,23.959883
2021-10-14,21.3,23.62521
2021-10-15,23.3,22.65348
2021-10-16,25.4,23.42582
2021-10-17,25.4,24.220665
2021-10-18,24.3,24.28916
2021-10-19,22.7,24.015823
2021-10-20,24.8,23.400555
2021-10-21,25.6,24.084867
2021-10-22,25.4,24.345282
2021-10-23,25.6,24.344059
2021-10-24,24.2,24.414547
2021-10-25,22.8,24.057322
2021-10-26,26.0,23.517302
2021-10-27,25.7,24.469818
2021-10-28,24.6,24.439114
2021-10-29,24.2,24.196608
2021-10-30,24.2,24.054583
2021-10-31,25.5,24.026663
2021-11-01,24.4,24.386858
2021-11-02,24.2,24.122711
2021-11-03,24.0,24.04757
2021-11-04,24.0,23.96056
2021-11-05,25.4,23.942867
2021-11-06,24.5,24.350521
2021-11-07,24.0,24.139093
2021-11-08,24.4,23.979118
2021-11-09,25.0,24.076906
2021-11-10,24.2,24.253672
2021-11-11,24.5,24.042055
2021-11-12,24.6,24.118238
2021-11-13,23.8,24.147436
2021-11-14,23.7,23.901907
2021-11-15,24.6,23.8326
2021-11-16,24.4,24.10743
2021-11-17,24.2,24.067137
2021-11-18,24.3,24.009659
2021-11-19,25.1,24.03308
2021-11-20,24.2,24.268024
2021-11-21,24.2,24.031174
2021-11-22,23.8,24.013866
2021-11-23,24.0,23.866047
2021-11-24,24.1,23.912361
2021-11-25,24.2,23.941936
2021-11-26,24.6,23.975817
2021-11-27,24.6,24.104902
2021-11-28,24.3,24.11969
2021-11-29,24.3,24.036877
2021-11-30,23.2,24.02971
2021-12-01,24.2,23.63781
2021-12-02,24.4,23.945004
2021-12-03,22.6,24.023327
2021-12-04,23.9,23.371914
2021-12-05,24.2,23.794489
2021-12-06,24.4,23.911802
2021-12-07,23.6,24.003109
2021-12-08,24.5,23.742552
2021-12-09,24.0,24.025843
2021-12-10,24.0,23.880293
2021-12-11,24.8,23.875614
2021-12-12,24.2,24.129158
2021-12-13,23.5,23.971292
2021-12-14,23.9,23.72147
2021-12-15,23.8,23.825888
2021-12-16,25.0,23.787546
2021-12-17,24.4,24.179565
2021-12-18,25.4,24.036852
2021-12-19,25.4,24.32855
2021-12-20,23.4,24.353756
2021-12-21,25.0,23.780935
2021-12-22,24.8,24.227198
2021-12-23,24.3,24.1908
2021-12-24,24.4,24.060068
2021-12-25,23.5,24.076683
2021-12-26,24.4,23.770903
2021-12-27,23.4,24.03824
2021-12-28,23.5,23.705496
2021-12-29,24.3,23.701895
2021-12-30,23.8,23.966942
2021-12-31,23.0,23.818907
2022-01-01,23.0,23.496115
2022-01-02,23.5,23.427858
2022-01-03,24.3,23.599516
2022-01-04,24.0,23.90671
2022-01-05,24.0,23.836828
2022-01-06,23.6,23.841078
2022-01-07,23.1,23.693125
2022-01-08,22.8,23.469698
2022-01-09,23.8,23.2882
2022-01-10,23.8,23.664688
2022-01-11,24.0,23.692049
2022-01-12,24.6,23.782444
2022-01-13,23.9,24.002777
2022-01-14,23.5,23.79967
2022-01-15,23.6,23.6393
2022-01-16,24.0,23.646492
2022-01-17,24.4,23.789637
2022-01-18,25.6,23.945538
2022-01-19,23.9,24.324911
2022-01-20,24.2,23.876932
2022-01-21,23.0,23.945742
2022-01-22,22.5,23.491796
2022-01-23,23.3,23.192108
2022-01-24,23.4,23.465961
2022-01-25,22.4,23.51516
2022-01-26,22.9,23.069103
2022-01-27,24.4,23.220959
2022-01-28,24.2,23.832958
2022-01-29,23.2,23.822832
2022-01-30,24.6,23.467817
2022-01-31,24.8,23.95646
2022-02-01,23.3,24.06115
2022-02-02,23.8,23.58397
2022-02-03,23.1,23.720016
2022-02-04,23.3,23.436495
2022-02-05,23.8,23.480644
2022-02-06,23.2,23.67023
2022-02-07,24.4,23.449398
2022-02-08,24.0,23.892332
2022-02-09,24.0,23.791092
2022-02-10,22.8,23.802467
2022-02-11,23.8,23.325554
2022-02-12,24.4,23.669333
2022-02-13,23.3,23.906109
2022-02-14,23.0,23.542517
2022-02-15,23.6,23.372673
2022-02-16,23.7,23.577997
2022-02-17,23.6,23.630154
2022-02-18,23.9,23.602337
2022-02-19,23.8,23.717634
2022-02-20,24.2,23.694517
2022-02-21,23.5,23.847704
2022-02-22,24.0,23.611874
2022-02-23,23.0,23.78127
2022-02-24,23.4,23.398714
2022-02-25,23.0,23.516394
2022-02-26,22.8,23.336071
2022-02-27,23.8,23.211018
2022-02-28,23.8,23.60884
2022-03-01,24.8,23.644299
2022-03-02,25.4,24.020731
2022-03-03,24.8,24.24096
2022-03-04,24.9,24.122524
2022-03-05,24.8,24.166325
2022-03-06,23.4,24.152712
2022-03-07,23.6,23.706736
2022-03-08,23.6,23.717909
2022-03-09,23.8,23.694906
2022-03-10,24.4,23.761786
2022-03-11,24.6,23.975527
2022-03-12,25.4,24.064236
2022-03-13,24.6,24.313702
2022-03-14,25.3,24.127962
2022-03-15,24.8,24.321274
2022-03-16,24.8,24.207144
2022-03-17,24.4,24.211021
2022-03-18,24.6,24.096462
2022-03-19,25.4,24.146511
2022-03-20,23.7,24.366985
2022-03-21,23.9,23.902164
2022-03-22,23.6,23.916273
2022-03-23,24.0,23.785332
2022-03-24,23.5,23.904978
2022-03-25,24.4,23.72683
2022-03-26,24.8,24.020138
2022-03-27,23.0,24.16175
2022-03-28,23.4,23.57608
2022-03-29,23.9,23.646633
2022-03-30,22.6,23.809439
2022-03-31,23.2,23.299068
2022-04-01,23.2,23.475035
2022-04-02,23.0,23.457447
2022-04-03,23.7,23.358768
2022-04-04,23.0,23.62585
2022-04-05,23.6,23.351765
2022-04-06,23.6,23.572378
2022-04-07,24.2,23.58205
2022-04-08,24.7,23.819382
2022-04-09,23.4,24.017906
2022-04-10,23.0,23.601149
2022-04-11,23.2,23.386345
2022-04-12,22.5,23.413511
2022-04-13,23.1,23.0755
2022-04-14,23.0,23.28959
2022-04-15,24.0,23.240921
2022-04-16,24.2,23.660168
2022-04-17,23.9,23.77767
2022-04-18,23.9,23.703655
2022-04-19,24.6,23.708803
2022-04-20,24.9,23.963718
2022-04-21,23.8,24.095686
2022-04-22,23.4,23.776371
2022-04-23,23.7,23.597141
2022-04-24,24.0,23.676311
2022-04-25,24.4,23.789814
2022-04-26,23.8,23.94669
2022-04-27,22.6,23.766027
2022-04-28,23.3,23.26111
2022-04-29,22.6,23.471773
2022-04-30,24.2,23.151619
2022-05-01,24.6,23.785837
2022-05-02,24.5,23.971886
2022-05-03,24.1,23.986118
2022-05-04,24.0,23.872818
2022-05-05,24.0,23.834326
2022-05-06,24.8,23.830803
2022-05-07,21.7,24.09779
2022-05-08,24.4,22.917547
2022-05-09,25.0,23.896929
2022-05-10,24.6,24.131731
2022-05-11,23.2,24.069513
2022-05-12,24.5,23.594654
2022-05-13,25.3,24.001808
2022-05-14,25.0,24.262726
2022-05-15,23.6,24.225426
2022-05-16,24.0,23.806162
2022-05-17,23.7,23.890423
2022-05-18,24.4,23.774092
2022-05-19,24.9,24.0036
2022-05-20,24.6,24.174932
2022-05-21,24.5,24.115448
2022-05-22,23.6,24.09161
2022-05-23,23.3,23.793255
2022-05-24,23.2,23.634243
2022-05-25,23.9,23.547827
2022-05-26,25.4,23.791714
2022-05-27,24.0,24.28627
2022-05-28,24.5,23.922588
2022-05-29,24.4,24.065903
2022-05-30,23.8,24.03873
2022-05-31,24.8,23.845058
2022-06-01,24.1,24.146952
2022-06-02,23.8,23.953943
2022-06-03,23.8,23.841806
2022-06-04,23.4,23.816738
2022-06-05,23.8,23.654102
2022-06-06,24.0,23.77589
2022-06-07,23.9,23.851223
2022-06-08,23.8,23.824871
2022-06-09,23.7,23.785217
2022-06-10,23.8,23.738811
2022-06-11,24.2,23.76542
2022-06-12,24.5,23.906073
2022-06-13,24.2,24.020977
2022-06-14,23.2,23.944628
2022-06-15,23.7,23.579971
2022-06-16,23.4,23.71633
2022-06-17,24.0,23.594976
2022-06-18,23.8,23.808182
2022-06-19,23.2,23.750435
2022-06-20,23.2,23.514256
2022-06-21,24.6,23.470125
2022-06-22,22.1,23.979763
2022-06-23,22.6,23.031803
2022-06-24,23.5,23.11782
2022-06-25,24.0,23.475885
2022-06-26,24.2,23.709059
2022-06-27,24.4,23.81971
2022-06-28,23.8,23.915537
2022-06-29,22.8,23.729109
2022-06-30,22.2,23.308155
2022-07-01,22.8,22.934677
2022-07-02,24.3,23.128191
2022-07-03,24.6,23.7673
2022-07-04,24.5,23.937363
2022-07-05,24.2,23.95334
2022-07-06,24.0,23.876034
2022-07-07,22.8,23.81055
2022-07-08,22.3,23.331398
2022-07-09,19.2,23.00671
2022-07-10,20.2,21.122417
2022-07-11,22.6,21.27044
2022-07-12,23.2,22.581213
2022-07-13,23.4,23.007074
2022-07-14,22.4,23.165913
2022-07-15,22.4,22.706667
2022-07-16,22.4,22.645004
2022-07-17,22.1,22.609743
2022-07-18,23.0,22.426332
2022-07-19,21.8,22.870373
2022-07-20,21.0,22.271267
2022-07-21,19.8,21.709322
2022-07-22,20.4,20.835897
2022-07-23,22.4,20.98286
2022-07-24,22.8,22.116161
2022-07-25,20.4,22.455711
2022-07-26,19.6,21.12758
2022-07-27,20.9,20.471146
2022-07-28,21.2,21.044502
2022-07-29,20.4,21.247808
2022-07-30,21.0,20.787937
2022-07-31,20.6,21.05058
2022-08-01,21.1,20.827393
2022-08-02,23.0,21.065926
2022-08-03,23.1,22.180742
2022-08-04,22.5,22.395874
2022-08-05,22.2,22.176786
2022-08-06,20.4,22.041473
2022-08-07,20.3,20.997004
2022-08-08,21.6,20.780674
2022-08-09,22.2,21.459381
2022-08-10,23.0,21.881786
2022-08-11,23.3,22.40708
2022-08-12,23.3,22.67347
2022-08-13,23.8,22.773361
2022-08-14,24.6,23.095377
2022-08-15,24.2,23.53629
2022-08-16,23.6,23.4984
2022-08-17,20.8,23.326942
2022-08-18,22.1,21.906576
2022-08-19,20.8,22.379417
2022-08-20,22.8,21.601063
2022-08-21,21.4,22.628101
2022-08-22,20.0,21.919214
2022-08-23,21.0,20.978733
2022-08-24,20.8,21.358366
2022-08-25,20.9,21.21857
2022-08-26,22.5,21.219757
2022-08-27,22.4,22.127138
2022-08-28,22.8,22.174442
2022-08-29,23.0,22.443344
2022-08-30,23.0,22.615158
2022-08-31,24.2,22.683092
2022-09-01,23.8,23.31517
2022-09-02,23.7,23.258404
2022-09-03,23.2,23.284761
2022-09-04,23.6,23.106754
2022-09-05,23.8,23.299282
2022-09-06,23.0,23.43085
2022-09-07,23.7,23.130615
2022-09-08,23.3,23.426088
2022-09-09,23.2,23.292658
2022-09-10,23.6,23.254349
2022-09-11,24.0,23.427828
2022-09-12,22.6,23.621014
2022-09-13,22.8,23.06144
2022-09-14,23.8,23.079191
2022-09-15,24.2,23.505146
2022-09-16,24.4,23.715843
2022-09-17,24.4,23.841364
2022-09-18,22.0,23.882156
2022-09-19,22.8,22.919382
2022-09-20,22.4,23.136711
2022-09-21,25.2,22.91021
2022-09-22,24.0,24.05787
2022-09-23,23.5,23.740444
2022-09-24,24.0,23.568563
2022-09-25,24.0,23.735983
2022-09-26,25.0,23.755838
2022-09-27,25.0,24.109028
2022-09-28,25.3,24.15474
2022-09-29,23.0,24.270905
2022-09-30,24.6,23.55681
2022-10-01,25.2,24.042454
2022-10-02,23.4,24.240929
2022-10-03,23.8,23.716154
2022-10-04,23.5,23.800201
2022-10-05,23.5,23.671196
2022-10-06,24.0,23.651375
2022-10-07,25.0,23.82557
2022-10-08,23.4,24.16689
2022-10-09,24.4,23.682316
2022-10-10,24.8,23.99079
2022-10-11,25.0,24.129246
2022-10-12,24.0,24.215994
2022-10-13,23.7,23.936678
2022-10-14,23.8,23.804691
2022-10-15,24.0,23.808807
2022-10-16,23.6,23.870998
2022-10-17,24.0,23.730473
2022-10-18,24.8,23.856739
2022-10-19,24.0,24.125454
2022-10-20,24.0,23.905523
2022-10-21,24.6,23.892487
2022-10-22,25.2,24.077904
2022-10-23,23.9,24.270714
2022-10-24,24.0,23.915146
2022-10-25,24.4,23.914577
2022-10-26,24.2,24.030611
2022-10-27,24.2,23.978422
2022-10-28,24.9,23.977224
2022-10-29,24.0,24.190592
2022-10-30,21.0,23.939228
2022-10-31,23.2,22.609905
2022-11-01,23.0,23.411848
2022-11-02,24.3,23.341911
2022-11-03,22.5,23.871319
2022-11-04,24.0,23.186823
2022-11-05,25.4,23.739855
2022-11-06,24.4,24.225227
2022-11-07,24.6,23.992184
2022-11-08,24.0,24.061619
2022-11-09,23.7,23.874992
2022-11-10,23.4,23.75293
2022-11-11,24.2,23.613205
2022-11-12,24.4,23.885414
2022-11-13,24.6,23.976223
2022-11-14,24.6,24.063183
2022-11-15,24.8,24.081722
2022-11-16,24.5,24.15397
2022-11-17,24.0,24.080734
2022-11-18,24.0,23.921658
2022-11-19,24.7,23.900915
2022-11-20,24.6,24.117992
2022-11-21,23.3,24.110416
2022-11-22,25.0,23.682993
2022-11-23,24.4,24.199898
2022-11-24,24.6,24.053072
2022-11-25,24.4,24.120941
2022-11-26,23.8,24.064636
2022-11-27,23.8,23.866356
2022-11-28,24.4,23.836216
2022-11-29,25.0,24.024538
2022-11-30,24.0,24.222506
2022-12-01,23.1,23.949356
2022-12-02,22.2,23.594828
2022-12-03,23.6,23.11599
2022-12-04,22.4,23.628117
2022-12-05,23.0,23.128386
2022-12-06,23.9,23.329638
2022-12-07,23.8,23.694036
2022-12-08,24.5,23.692736
2022-12-09,22.4,23.956223
2022-12-10,24.4,23.164577
2022-12-11,23.7,23.8834
2022-12-12,24.3,23.66998
2022-12-13,23.7,23.8933
2022-12-14,25.2,23.698683
2022-12-15,24.7,24.190445
2022-12-16,24.4,24.0892
2022-12-17,24.1,24.017643
2022-12-18,22.7,23.91745
2022-12-19,23.5,23.368542
2022-12-20,22.0,23.605675
2022-12-21,22.3,22.923336
2022-12-22,22.9,22.941864
2022-12-23,24.4,23.17609
2022-12-24,24.4,23.819881
2022-12-25,24.0,23.88202
2022-12-26,23.3,23.778763
2022-12-27,23.5,23.50838
2022-12-28,24.0,23.550335
2022-12-29,23.2,23.739428
2022-12-30,24.2,23.449837
2022-12-31,24.0,23.814026
2023-01-01,24.8,23.774181
2023-01-02,25.2,24.06221
2023-01-03,24.8,24.214874
2023-01-04,23.6,24.141676
2023-01-05,23.8,23.76641
2023-01-06,24.4,23.788378
2023-01-07,24.4,23.983135
2023-01-08,22.6,24.006475
2023-01-09,21.5,23.346481
2023-01-10,21.7,22.672462
2023-01-11,21.2,22.579504
2023-01-12,22.0,22.190344
2023-01-13,21.6,22.522648
2023-01-14,23.0,22.26688
2023-01-15,24.3,22.964794
2023-01-16,24.0,23.607483
2023-01-17,24.0,23.574047
2023-01-18,24.0,23.615746
2023-01-19,23.5,23.642544
2023-01-20,23.6,23.471895
2023-01-21,23.5,23.507702
2023-01-22,23.8,23.474106
2023-01-23,23.2,23.59998
2023-01-24,24.0,23.373394
2023-01-25,23.3,23.681107
2023-01-26,23.8,23.43403
2023-01-27,23.0,23.62323
2023-01-28,22.8,23.305843
2023-01-29,23.4,23.172367
2023-01-30,24.4,23.401546
2023-01-31,24.7,23.81813
2023-02-01,23.8,23.975203
2023-02-02,23.6,23.711088
2023-02-03,24.2,23.619436
2023-02-04,24.4,23.828722
2023-02-05,24.3,23.925156
2023-02-06,24.6,23.920818
2023-02-07,24.4,24.032675
2023-02-08,23.6,23.992796
2023-02-09,23.2,23.727982
2023-02-10,23.4,23.535223
2023-02-11,24.2,23.572157
2023-02-12,24.2,23.866982
2023-02-13,23.7,23.899193
2023-02-14,23.2,23.73864
2023-02-15,23.0,23.521397
2023-02-16,24.4,23.389477
2023-02-17,24.0,23.906103
2023-02-18,24.8,23.811502
2023-02-19,23.8,24.090595
2023-02-20,24.2,23.793695
2023-02-21,24.4,23.914059
2023-02-22,23.4,23.986046
2023-02-23,23.5,23.651768
2023-02-24,23.8,23.645393
2023-02-25,24.2,23.740355
2023-02-26,23.8,23.892204
2023-02-27,23.8,23.771996
2023-02-28,23.4,23.763855
2023-03-01,23.8,23.602814
2023-03-02,24.6,23.731459
2023-03-03,23.0,24.016678
2023-03-04,23.6,23.473179
2023-03-05,22.8,23.646765
2023-03-06,23.0,23.301552
2023-03-07,23.6,23.333012
2023-03-08,23.4,23.565376
2023-03-09,23.0,23.502962
2023-03-10,23.2,23.324701
2023-03-11,23.4,23.376133
2023-03-12,23.0,23.453445
2023-03-13,22.4,23.283998
2023-03-14,23.2,22.965897
2023-03-15,22.6,23.278152
2023-03-16,23.6,23.008026
2023-03-17,23.7,23.436506
2023-03-18,24.2,23.514473
2023-03-19,24.0,23.739738
2023-03-20,24.6,23.704788
2023-03-21,24.3,23.936176
2023-03-22,24.0,23.875631
2023-03-23,24.0,23.790018
2023-03-24,24.0,23.789177
2023-03-25,24.6,23.794868
2023-03-26,23.0,24.007881
2023-03-27,24.6,23.458517
2023-03-28,24.3,23.995712
2023-03-29,24.2,23.932636
2023-03-30,24.2,23.919746
2023-03-31,23.8,23.92237
2023-04-01,23.3,23.787518
2023-04-02,23.0,23.579838
2023-04-03,23.2,23.412916
2023-04-04,23.3,23.453325
2023-04-05,24.3,23.481836
2023-04-06,23.2,23.867865
2023-04-07,23.8,23.491096
2023-04-08,23.4,23.694727
2023-04-09,22.8,23.544056
2023-04-10,23.5,23.269297
2023-04-11,24.0,23.51915
2023-04-12,23.0,23.730244
2023-04-13,24.0,23.361464
2023-04-14,24.8,23.727682
2023-04-15,23.4,24.031826
2023-04-16,24.2,23.594786
2023-04-17,23.4,23.856007
2023-04-18,24.0,23.573524
2023-04-19,23.3,23.779343
2023-04-20,24.1,23.522488
2023-04-21,23.7,23.80639
2023-04-22,23.2,23.681051
2023-04-23,22.6,23.476963
2023-04-24,22.7,23.167068
2023-04-25,22.4,23.138546
2023-04-26,24.4,22.951101
2023-04-27,23.6,23.792345
2023-04-28,23.5,23.556538
2023-04-29,24.3,23.521858
2023-04-30,24.6,23.820332
2023-05-01,23.6,23.961157
2023-05-02,23.0,23.650267
2023-05-03,23.4,23.376112
2023-05-04,23.8,23.489887
2023-05-05,24.0,23.650974
2023-05-06,24.2,23.749874
2023-05-07,24.6,23.84442
2023-05-08,22.6,24.00076
2023-05-09,24.2,23.2767
2023-05-10,25.4,23.828281
2023-05-11,24.3,24.236814
2023-05-12,25.0,23.974531
2023-05-13,24.4,24.188076
2023-05-14,21.7,24.031485
2023-05-15,22.5,22.950665
2023-05-16,21.7,23.10848
2023-05-17,20.8,22.63359
2023-05-18,20.7,21.991714
2023-05-19,21.4,21.72355
2023-05-20,22.4,21.999735
2023-05-21,22.4,22.545193
2023-05-22,21.9,22.578934
2023-05-23,21.6,22.295267
2023-05-24,22.3,22.05671
2023-05-25,22.6,22.38847
2023-05-26,21.8,22.573307
2023-05-27,23.2,22.15083
2023-05-28,22.0,22.86038
2023-05-29,22.2,22.294828
2023-05-30,21.2,22.34966
2023-05-31,21.4,21.744097
2023-06-01,22.4,21.748749
2023-06-02,22.6,22.287815
2023-06-03,22.8,22.455618
2023-06-04,20.9,22.605068
2023-06-05,21.8,21.556728
2023-06-06,22.2,21.923101
2023-06-07,22.8,22.154161
2023-06-08,24.0,22.525621
2023-06-09,22.8,23.19363
2023-06-10,22.5,22.733744
2023-06-11,23.6,22.573723
2023-06-12,23.5,23.112396
2023-06-13,24.1,23.150005
2023-06-14,22.1,23.471594
2023-06-15,21.8,22.61583
2023-06-16,20.8,22.332859
2023-06-17,20.6,21.640676
2023-06-18,21.6,21.35077
2023-06-19,20.4,21.829863
2023-06-20,22.1,21.116974
2023-06-21,22.2,21.996029
2023-06-22,22.2,22.124424
2023-06-23,20.0,22.155163
2023-06-24,21.3,20.864695
2023-06-25,21.2,21.41958
2023-06-26,22.3,21.377882
2023-06-27,23.8,22.007206
2023-06-28,23.8,22.903917
2023-06-29,22.3,23.04742
2023-06-30,22.7,22.396252
2023-07-01,23.2,22.567076
2023-07-02,23.6,22.851696
2023-07-03,24.2,23.116447
2023-07-04,23.8,23.457317
2023-07-05,24.6,23.383484
2023-07-06,23.4,23.745733
2023-07-07,23.6,23.355934
2023-07-08,24.4,23.43407
2023-07-09,24.4,23.763166
2023-07-10,23.0,23.82442
2023-07-11,21.0,23.325624
2023-07-12,21.6,22.231298
2023-07-13,21.9,22.304966
2023-07-14,24.8,22.391495
2023-07-15,22.3,23.783726
2023-07-16,22.4,22.82093
2023-07-17,20.6,22.779306
2023-07-18,21.2,21.685957
2023-07-19,21.1,21.811861
2023-07-20,21.0,21.675465
2023-07-21,20.8,21.541397
2023-07-22,20.8,21.34238
2023-07-23,22.4,21.257545
2023-07-24,20.7,22.150343
2023-07-25,21.0,21.234888
2023-07-26,22.2,21.286362
2023-07-27,21.6,21.955
2023-07-28,21.0,21.676344
2023-07-29,20.8,21.294338
2023-07-30,20.4,21.103565
2023-07-31,21.0,20.81328
2023-08-01,22.0,21.086115
2023-08-02,22.2,21.678205
2023-08-03,21.2,21.869719
2023-08-04,21.4,21.337822
2023-08-05,21.2,21.396667
2023-08-06,21.2,21.274652
2023-08-07,22.1,21.253984
2023-08-08,21.4,21.770294
2023-08-09,20.2,21.433388
2023-08-10,19.9,20.709833
2023-08-11,20.2,20.430305
2023-08-12,20.9,20.51925
2023-08-13,21.15,20.884512
2023-08-14,21.4,21.051786
2023-08-15,21.9,21.214224
2023-08-16,21.8,21.533817
2023-08-17,22.0,21.540514
2023-08-18,22.5,21.691479
2023-08-19,21.4,22.029984
2023-08-20,21.2,21.478233
2023-08-21,21.6,21.316755
2023-08-22,22.7,21.519821
2023-08-23,20.4,22.184483
2023-08-24,20.8,20.95579
2023-08-25,21.2,21.035847
2023-08-26,22.0,21.235052
2023-08-27,20.6,21.716658
2023-08-28,21.0,20.962803
2023-08-29,21.0,21.098927
2023-08-30,21.3,21.090229
2023-08-31,22.4,21.252523
2023-09-01,21.6,21.910753
2023-09-02,20.0,21.548326
2023-09-03,20.8,20.607014
2023-09-04,19.8,20.916271
2023-09-05,20.2,20.368061
2023-09-06,22.1,20.490604
2023-09-07,22.9,21.54802
2023-09-08,22.0,22.143738
2023-09-09,20.2,21.762833
2023-09-10,21.0,20.729687
2023-09-11,22.4,21.04248
2023-09-12,23.8,21.874477
2023-09-13,23.0,22.764639
2023-09-14,23.4,22.5229
2023-09-15,22.2,22.79717
2023-09-16,22.4,22.25267
2023-09-17,22.8,22.335207
2023-09-18,24.6,22.568506
2023-09-19,22.8,23.487959
2023-09-20,21.8,22.82754
2023-09-21,22.4,22.272877
2023-09-22,21.0,22.49612
2023-09-23,20.8,21.693981
2023-09-24,22.0,21.425812
2023-09-25,22.5,22.034056
2023-09-26,21.7,22.367462
2023-09-27,22.0,21.96098
2023-09-28,21.2,22.083544
2023-09-29,22.8,21.606401
2023-09-30,22.3,22.45961
2023-10-01,21.8,22.275639
2023-10-02,22.2,22.000423
2023-10-03,22.8,22.189545
2023-10-04,23.4,22.544016
2023-10-05,23.8,22.922033
2023-10-06,24.2,23.198486
2023-10-07,25.0,23.456253
2023-10-08,23.6,23.839977
2023-10-09,24.0,23.419203
2023-10-10,24.0,23.586603
2023-10-11,24.2,23.621193
2023-10-12,23.5,23.733976
2023-10-13,24.6,23.502638
2023-10-14,25.0,23.908655
2023-10-15,24.0,24.084393
2023-10-16,24.2,23.816946
2023-10-17,23.8,23.878624
2023-10-18,22.7,23.744314
2023-10-19,23.8,23.286
2023-10-20,23.8,23.67097
2023-10-21,23.8,23.694279
2023-10-22,23.2,23.712563
2023-10-23,23.4,23.478977
2023-10-24,23.7,23.52749
2023-10-25,24.0,23.640408
2023-10-26,24.4,23.768623
2023-10-27,24.1,23.931746
2023-10-28,24.6,23.859436
2023-10-29,24.0,24.033043
2023-10-30,24.8,23.860126
2023-10-31,24.5,24.114925
2023-11-01,24.6,24.05096
2023-11-02,24.7,24.093456
2023-11-03,24.8,24.132805
2023-11-04,25.1,24.174305
2023-11-05,24.2,24.269705
2023-11-06,24.9,24.028091
2023-11-07,24.4,24.217659
2023-11-08,25.2,24.085163
2023-11-09,25.6,24.308918
2023-11-10,26.0,24.42582
2023-11-11,25.5,24.5373
2023-11-12,25.4,24.447414
2023-11-13,26.0,24.42785
2023-11-14,25.0,24.56121
2023-11-15,25.0,24.348715
2023-11-16,26.0,24.336714
2023-11-17,26.0,24.562153
2023-11-18,24.3,24.578592
2023-11-19,24.2,24.184753
2023-11-20,26.0,24.10736
2023-11-21,25.9,24.54913
2023-11-22,25.6,24.551321
2023-11-23,26.0,24.504225
2023-11-24,25.2,24.5884
2023-11-25,26.0,24.42022
2023-11-26,25.6,24.588064
2023-11-27,25.6,24.510763
2023-11-28,24.8,24.512291
2023-11-29,25.9,24.320961
2023-11-30,24.6,24.561934
2023-12-01,25.2,24.26528
2023-12-02,25.3,24.398151
2023-12-03,24.6,24.420465
2023-12-04,24.7,24.247852
2023-12-05,24.8,24.256092
2023-12-06,24.6,24.274286
2023-12-07,25.8,24.218555
2023-12-08,26.0,24.514133
2023-12-09,25.0,24.57328
2023-12-10,25.1,24.364809
2023-12-11,24.0,24.373642
2023-12-12,24.4,24.06068
2023-12-13,24.8,24.141329
2023-12-14,25.0,24.247211
2023-12-15,24.8,24.310389
2023-12-16,25.2,24.265266
2023-12-17,24.9,24.366558
2023-12-18,25.8,24.29661
2023-12-19,23.1,24.513
2023-12-20,25.4,23.768244
2023-12-21,21.8,24.390112
2023-12-22,22.8,23.174479
2023-12-23,24.0,23.413528
2023-12-24,23.0,23.852291
2023-12-25,25.6,23.506207
2023-12-26,24.8,24.358955
2023-12-27,25.0,24.184454
2023-12-28,25.2,24.256138
2023-12-29,25.1,24.31448
2023-12-30,24.6,24.301985
2023-12-31,24.6,24.173792
